,mean_2,var_2,og_var_2,p_val_2,mean_3,var_3,og_var_3,p_val_3,mc_type
hubers,6.051797925934489,0.024375736744125277,4.373475797432456,1.0,8.911236288093237,0.027910681014574387,6.174335782237927,1.0,min_max
norm,0.06641038568212712,2.2843854516884754e-05,0.07205907682068978,0.13373253493013973,0.07049205717784128,1.4191501264913982e-05,0.07484548631561713,0.13373253493013973,min_max
tss,5603.4880528452095,34136.195337866884,2505.5432030679203,1.0,4522.57836579902,24796.207472174337,1824.945357129551,1.0,min_max
hubers,4.195129630820947,0.006788091653118807,4.373475797432456,0.003992015968063872,6.1759055082550836,0.004276199247406266,6.174335782237927,0.6087824351297405,random_order
norm,0.07510185930198009,3.796434407810857e-05,0.07205907682068978,0.6826347305389222,0.07973785434608396,2.8438658527770052e-05,0.07484548631561713,0.8323353293413174,random_order
tss,2767.5138916691626,1142.0233732568556,2505.5432030679203,1.0,2263.258263974998,1198.5273082532663,1824.945357129551,1.0,random_order
hubers,4.267999887239407,0.03639097293137831,4.373475797432456,0.27944111776447106,6.205316965531074,0.05123792015568121,6.174335782237927,0.5449101796407185,pca_trans
norm,0.06643394103588554,5.400779416763361e-05,0.07205907682068978,0.21157684630738524,0.06766388258095066,3.892561115833679e-05,0.07484548631561713,0.12574850299401197,pca_trans
tss,2519.031265250288,28319.840664363346,2505.5432030679203,0.4930139720558882,1835.4742148914343,15988.31966836583,1824.945357129551,0.5229540918163673,pca_trans
hubers,5.525764673659989,0.016984536528877194,3.9821758849697684,1.0,8.091449335520943,0.024606557705339586,5.749739222171909,1.0,min_max
norm,0.07704872014429816,3.4958181496320516e-05,0.09328415444748747,0.005988023952095809,0.07846665756776695,1.7764499428935306e-05,0.08285839153835753,0.15169660678642716,min_max
tss,4564.8899587803035,20449.006743930913,1982.4029572800828,1.0,3687.54332642788,14573.639311561341,1480.146202385798,1.0,min_max
hubers,3.8282514119731608,0.014146884792985951,3.9821758849697684,0.01996007984031936,5.726118822822666,0.002960125570354677,5.749739222171909,0.37524950099800397,random_order
norm,0.08464564893497212,5.198930372470944e-05,0.09328415444748747,0.12974051896207583,0.08351683225239881,3.50684318890935e-05,0.08285839153835753,0.530938123752495,random_order
tss,2348.339267528042,447.0025070977824,1982.4029572800828,1.0,1927.2628492710478,758.2303537771767,1480.146202385798,1.0,random_order
hubers,4.007386059812021,0.04244650228383085,3.9821758849697684,0.5688622754491018,5.715681214625647,0.048657914969783944,5.749739222171909,0.4590818363273453,pca_trans
norm,0.08023469271948266,8.63995373222559e-05,0.09328415444748747,0.08383233532934131,0.07271609624742006,4.3768056002676846e-05,0.08285839153835753,0.06786427145708583,pca_trans
tss,1990.7534231485836,19973.6004445728,1982.4029572800828,0.5069860279441117,1472.3492840054882,10595.196141380471,1480.146202385798,0.4590818363273453,pca_trans
hubers,5.931896551623277,0.024421899043717707,4.364206787312306,1.0,8.714713188123413,0.028760646910713082,6.255093211024529,1.0,min_max
norm,0.07290051970810335,4.054129004119906e-05,0.08394234123210252,0.05788423153692615,0.07253388009513156,1.5530255906311226e-05,0.08090223714481327,0.015968063872255488,min_max
tss,5453.5042961419595,43399.500801108035,2307.230672557591,1.0,4558.33611719827,38746.23901231725,1629.3667784486856,1.0,min_max
hubers,4.0572989252351785,0.019261812017259055,4.364206787312306,0.001996007984031936,6.035710765475613,0.008303398757297669,6.255093211024529,0.001996007984031936,random_order
norm,0.07171316085368795,4.0287583436539426e-05,0.08394234123210252,0.029940119760479042,0.078169214404948,3.474577482198049e-05,0.08090223714481327,0.31736526946107785,random_order
tss,2715.0483191761905,6877.435193747276,2307.230672557591,1.0,2258.1505359792477,7637.829463925227,1629.3667784486856,1.0,random_order
hubers,4.219431221683461,0.03831267006205402,4.364206787312306,0.2315369261477046,6.081122878919492,0.049009980562375134,6.255093211024529,0.2215568862275449,pca_trans
norm,0.06956543106178376,6.168320189369877e-05,0.08394234123210252,0.031936127744510975,0.06854710018680055,3.990488361989265e-05,0.08090223714481327,0.04590818363273453,pca_trans
tss,2310.9237478079513,26236.544914411275,2307.230672557591,0.5049900199600799,1638.4540428289365,14334.879312155452,1629.3667784486856,0.5329341317365269,pca_trans
hubers,6.288759042820542,0.026888805911846045,4.416426652131158,1.0,9.22439293204389,0.037940815318404285,6.424114288171047,1.0,min_max
norm,0.06831749651400353,3.732900978983159e-05,0.05574372789605945,0.9800399201596807,0.06876180861963269,1.527588493056549e-05,0.05701431915531727,0.998003992015968,min_max
tss,6036.106583592507,64628.4632922215,2779.789991457372,1.0,4980.01733501438,58197.307620702326,2054.7826271737226,1.0,min_max
hubers,4.3173109452972165,0.013913554463146955,4.416426652131158,0.13572854291417166,6.410676998734031,0.008583213127906154,6.424114288171047,0.5588822355289421,random_order
norm,0.06447778380560333,3.7556244206160825e-05,0.05574372789605945,0.9421157684630739,0.07149199402854375,2.8682393544905564e-05,0.05701431915531727,0.9960079840319361,random_order
tss,3086.427568340214,6158.099612964925,2779.789991457372,1.0,2574.7736899111524,6667.388359325109,2054.7826271737226,1.0,random_order
hubers,4.433267826062087,0.04185134068021597,4.416426652131158,0.5508982035928144,6.437229356238672,0.05142465458694907,6.424114288171047,0.5389221556886228,pca_trans
norm,0.065106486514667,5.0220391090455644e-05,0.05574372789605945,0.9221556886227545,0.06552694919206596,2.9765048911654034e-05,0.05701431915531727,0.936127744510978,pca_trans
tss,2691.6078282823155,31523.824220954066,2779.789991457372,0.3153692614770459,1962.0772980953677,16566.816705400423,2054.7826271737226,0.2554890219560878,pca_trans
hubers,6.0224439019195035,0.021246207302700514,4.1567279282419465,1.0,8.857084491001581,0.03000363932874538,5.866670417063868,1.0,min_max
norm,0.0695823038072216,3.149022628106774e-05,0.06728213346610687,0.6586826347305389,0.07175345652599395,1.6715600073443445e-05,0.06685479312928085,0.8962075848303394,min_max
tss,5640.04450453148,47395.5630037739,2185.192154792999,1.0,4671.888183356036,41739.79084029211,1569.8348743265142,1.0,min_max
hubers,3.9663751257421116,0.01153403483488377,4.1567279282419465,0.001996007984031936,5.8728509394102195,0.006993163185857734,5.866670417063868,0.6067864271457086,random_order
norm,0.06972635708471354,4.064333908017785e-05,0.06728213346610687,0.6427145708582834,0.07489864648447371,3.6856498962163586e-05,0.06685479312928085,0.9121756487025948,random_order
tss,2591.6231400719967,4064.8719156424186,2185.192154792999,1.0,2179.3815150477403,4612.45003399094,1569.8348743265142,1.0,random_order
hubers,4.082780820833207,0.03473446923282518,4.1567279282419465,0.35728542914171657,5.8537757394516365,0.0435948493681117,5.866670417063868,0.47904191616766467,pca_trans
norm,0.071334604421585,5.8927653281807895e-05,0.06728213346610687,0.6786427145708582,0.07089991199757652,4.173268198933307e-05,0.06685479312928085,0.7125748502994012,pca_trans
tss,2093.3913993542847,19669.29274302121,2185.192154792999,0.249500998003992,1435.7764826868736,11123.520168822839,1569.8348743265142,0.09580838323353294,pca_trans
hubers,5.85585637576013,0.022219047865358485,4.0313941588495865,1.0,8.629868551721211,0.03247871154251841,5.792112878019055,1.0,min_max
norm,0.06781335671556919,2.818341686184095e-05,0.05732471515915647,0.9900199600798403,0.0721953117674621,1.643635975215976e-05,0.0697971489131453,0.718562874251497,min_max
tss,5381.357029279241,50025.44664604483,2348.147148738086,1.0,4439.894452561479,45810.00714255089,1727.0664162127764,1.0,min_max
hubers,3.9890425013936404,0.009477953450082063,4.0313941588495865,0.4251497005988024,5.910189127086034,0.006088169447918111,5.792112878019055,0.9221556886227545,random_order
norm,0.07290736108132598,4.470378075282305e-05,0.05732471515915647,0.9960079840319361,0.0776504641215596,3.6490959723710135e-05,0.0697971489131453,0.908183632734531,random_order
tss,2613.6568605563657,2905.7116816786697,2348.147148738086,1.0,2190.4771304528754,3400.0817390723005,1727.0664162127764,1.0,random_order
hubers,4.028352554594598,0.04037567134100311,4.0313941588495865,0.5588822355289421,5.885288610730353,0.045697610275515305,5.792112878019055,0.6846307385229541,pca_trans
norm,0.06994692656614285,5.655419793033155e-05,0.05732471515915647,0.9620758483033932,0.07174251022736988,4.186942619827441e-05,0.0697971489131453,0.5988023952095808,pca_trans
tss,2273.3927196802,23648.241473254886,2348.147148738086,0.2874251497005988,1649.8614224181786,12271.641040058319,1727.0664162127764,0.21357285429141717,pca_trans
hubers,5.8902997122995275,0.02115959375151084,3.515418121947143,1.0,8.679845906902477,0.029895102379716022,6.153659589798563,1.0,min_max
norm,0.06667941710985718,2.489104191506648e-05,0.06871237357130029,0.313373253493014,0.07170789266487364,1.5520104426775018e-05,0.07232329930931485,0.4231536926147705,min_max
tss,5411.836489213622,49138.68699779807,2550.0353497097003,1.0,4422.048226495568,45224.84639365422,1879.2220991055979,1.0,min_max
hubers,4.076570089797479,0.01931609025892908,3.515418121947143,0.9900199600798403,6.073716175830463,0.009926458778095486,6.153659589798563,0.2654690618762475,random_order
norm,0.06750031436125278,4.507193826952732e-05,0.06871237357130029,0.39520958083832336,0.07418846994628746,2.917148556816656e-05,0.07232329930931485,0.6327345309381237,random_order
tss,2770.379120911843,6924.440571101131,2550.0353497097003,1.0,2307.7242034445085,7650.035560436762,1879.2220991055979,1.0,random_order
hubers,4.194194610381017,0.03330426768089376,3.515418121947143,0.998003992015968,6.0911035371191895,0.04045325088029572,6.153659589798563,0.3772455089820359,pca_trans
norm,0.07209001492601215,6.701450003081908e-05,0.06871237357130029,0.6666666666666666,0.071535023875674,4.050473500056201e-05,0.07232329930931485,0.4550898203592814,pca_trans
tss,2448.177620940776,20955.430191643776,2550.0353497097003,0.24750499001996007,1842.035558594435,12632.782748744417,1879.2220991055979,0.36327345309381237,pca_trans
hubers,5.973333907655137,0.01918356879344634,4.368765948404792,1.0,8.78819696928639,0.02639989945146049,6.159515362362135,1.0,min_max
norm,0.06652014625142427,2.3106920552133973e-05,0.07731336294779576,0.023952095808383235,0.0709913705447502,1.5445952334106985e-05,0.07948287778049799,0.017964071856287425,min_max
tss,5481.233542256652,35184.17943536053,2381.0671698887763,1.0,4435.190479931045,25573.513756714798,1696.7680946204841,1.0,min_max
hubers,4.122524647025726,0.0070805053160010786,4.368765948404792,0.001996007984031936,6.082934894252543,0.0040759064296929035,6.159515362362135,0.0658682634730539,random_order
norm,0.06905239868679576,3.77150899987362e-05,0.07731336294779576,0.09780439121756487,0.07615726623777434,3.305230578426739e-05,0.07948287778049799,0.27345309381237526,random_order
tss,2734.309963704708,966.4074506879205,2381.0671698887763,1.0,2245.8020613030067,1145.5275848708136,1696.7680946204841,1.0,random_order
hubers,4.273608689047655,0.04460153939754725,4.368765948404792,0.3153692614770459,6.156231860968828,0.05586686160680985,6.159515362362135,0.48502994011976047,pca_trans
norm,0.07102209308511777,6.643114294367891e-05,0.07731336294779576,0.2155688622754491,0.06848162361606765,3.7556694199049344e-05,0.07948287778049799,0.05788423153692615,pca_trans
tss,2386.0190341335856,26480.696190841096,2381.0671698887763,0.5089820359281437,1738.8380493969573,14501.74798993756,1696.7680946204841,0.6367265469061876,pca_trans
hubers,6.108341110021218,0.022428072522289958,4.42899757255693,1.0,9.019213524295072,0.027113203391391553,6.339507123561572,1.0,min_max
norm,0.06324300204717702,2.4262429338378616e-05,0.06557198152255636,0.28542914171656686,0.06774283467446443,1.4116558120908422e-05,0.0657214640723484,0.7005988023952096,min_max
tss,5857.551672720382,45399.028919698,2581.973855683448,1.0,4801.085373275978,37411.41751009038,1868.265340790972,1.0,min_max
hubers,4.2358972567370605,0.023465668928066463,4.42899757255693,0.005988023952095809,6.330912041681132,0.01158595499698314,6.339507123561572,0.5129740518962076,random_order
norm,0.06666384195912904,4.8126565642448414e-05,0.06557198152255636,0.5449101796407185,0.073181719132476,3.336275641252927e-05,0.0657214640723484,0.908183632734531,random_order
tss,2997.165032101675,8964.050439703611,2581.973855683448,1.0,2488.3380934419306,9285.670896164935,1868.265340790972,1.0,random_order
hubers,4.388431711347892,0.04201413756167822,4.42899757255693,0.4471057884231537,6.339835628026051,0.05275698393828103,6.339507123561572,0.5049900199600799,pca_trans
norm,0.06691283040293113,5.581604893283672e-05,0.06557198152255636,0.5768463073852296,0.06667482153720992,3.497667973328292e-05,0.0657214640723484,0.5808383233532934,pca_trans
tss,2568.5746560202138,29067.328014207484,2581.973855683448,0.4550898203592814,1854.6586081030841,14667.889789037872,1868.265340790972,0.4471057884231537,pca_trans
hubers,5.486229117781466,0.01657856397302938,3.9729345190757557,1.0,8.071370077893759,0.021057441297035268,5.7722687999487095,1.0,min_max
norm,0.07385333090995207,3.661444591958882e-05,0.07462055070446119,0.45109780439121755,0.0769716887674194,1.9739096065104844e-05,0.07953963276694656,0.2634730538922156,min_max
tss,4628.535786461718,21398.77010619191,2150.3427788018853,1.0,3777.6102179035656,16289.094683868898,1565.128831880967,1.0,min_max
hubers,3.849386287338867,0.011330637415929214,3.9729345190757557,0.07984031936127745,5.718871019809915,0.009002287698089226,5.7722687999487095,0.3153692614770459,random_order
norm,0.07194994211069457,4.700067326422639e-05,0.07462055070446119,0.3213572854291417,0.07994364232729283,3.9814179583567115e-05,0.07953963276694656,0.5069860279441117,random_order
tss,2454.774372614859,6145.53183993976,2150.3427788018853,1.0,2044.4252818490434,6848.012149552475,1565.128831880967,1.0,random_order
hubers,3.9428911245647567,0.03053398356893778,3.9729345190757557,0.4351297405189621,5.72032114246918,0.039843816439579745,5.7722687999487095,0.3652694610778443,pca_trans
norm,0.07484000302331546,7.621304501038107e-05,0.07462055070446119,0.5229540918163673,0.07319732834099932,4.1992532771512116e-05,0.07953963276694656,0.16766467065868262,pca_trans
tss,2127.480367810548,20395.6066729477,2150.3427788018853,0.4111776447105788,1584.8494063997562,11158.244059573251,1565.128831880967,0.562874251497006,pca_trans
hubers,5.8042572930940395,0.02027113172986482,3.9808745084415613,1.0,8.498576303374373,0.02636514442374694,5.80911179031462,1.0,min_max
norm,0.07369622880673955,3.622867030964992e-05,0.06670045566362508,0.8842315369261478,0.07504774134747533,1.6703066855097022e-05,0.07200066867354843,0.7604790419161677,min_max
tss,5028.3756600767365,33283.71745292701,2304.6727119939915,1.0,4062.568036712907,25333.311679606108,1716.689887163888,1.0,min_max
hubers,3.8570312363774724,0.011278515691113612,3.9808745084415613,0.02594810379241517,5.731748615906648,0.00808423095824827,5.80911179031462,0.24151696606786427,random_order
norm,0.06968822985576625,4.56365842444207e-05,0.06670045566362508,0.6586826347305389,0.07711586261158868,3.7884268367829646e-05,0.07200066867354843,0.782435129740519,random_order
tss,2468.560081702884,5667.835957808344,2304.6727119939915,0.9940119760479041,2059.2627940272423,6269.143842852987,1716.689887163888,1.0,random_order
hubers,3.9532277731239733,0.02872861778757614,3.9808745084415613,0.4550898203592814,5.786220374713692,0.03557756878486195,5.80911179031462,0.44510978043912175,pca_trans
norm,0.07261829030338054,5.783892420200036e-05,0.06670045566362508,0.7764471057884231,0.0754668964571583,4.664448206261907e-05,0.07200066867354843,0.6846307385229541,pca_trans
tss,2245.79592557597,19340.141719040446,2304.6727119939915,0.3213572854291417,1667.9219860814133,11810.106721681701,1716.689887163888,0.3213572854291417,pca_trans
hubers,6.117206414478018,0.02391861065884928,3.9247286162281134,1.0,8.946915576794796,0.030408647459214934,5.842365226571969,1.0,min_max
norm,0.0708847067236656,3.440263261568925e-05,0.059816120892344005,0.9780439121756487,0.0706652190577137,1.3154984243899607e-05,0.06599379688747353,0.9121756487025948,min_max
tss,5556.712105556895,38406.32809234476,2326.697470014872,1.0,4505.6179808743655,25563.593006306804,1668.0891716548235,1.0,min_max
hubers,3.943500469678079,0.010953827470742635,3.9247286162281134,0.7245508982035929,5.859028806615739,0.003895682624057136,5.842365226571969,0.6506986027944112,random_order
norm,0.06553009548051346,3.438518778253292e-05,0.059816120892344005,0.8403193612774451,0.07303981792012124,3.2201555612851956e-05,0.06599379688747353,0.906187624750499,random_order
tss,2568.8845418646883,730.8470555949721,2326.697470014872,1.0,2116.7994442878457,987.3402334455915,1668.0891716548235,1.0,random_order
hubers,4.0747753679685585,0.0329196338308272,3.9247286162281134,0.8263473053892215,5.90470041884893,0.04244744668263076,5.842365226571969,0.626746506986028,pca_trans
norm,0.07075969368202266,5.8446495577421625e-05,0.059816120892344005,0.936127744510978,0.0713277121919086,3.800422680540291e-05,0.06599379688747353,0.7904191616766467,pca_trans
tss,2258.880126839674,22385.96304284637,2326.697470014872,0.3393213572854291,1636.3040973973632,11795.664694361307,1668.0891716548235,0.37524950099800397,pca_trans
hubers,5.525553555560249,0.018299768923980952,3.4350165519720015,1.0,8.098364512644434,0.023666994068039158,5.22762092162857,1.0,min_max
norm,0.07679841122425668,3.332800073918903e-05,0.07667156111520897,0.48902195608782434,0.07999295750945254,1.7182829397223673e-05,0.07636349677851534,0.8143712574850299,min_max
tss,4518.42496283841,23391.2234675555,1828.9621147388457,1.0,3578.5057174172075,13518.424980035987,1334.149306591353,1.0,min_max
hubers,3.5282808618411163,0.010349268415465327,3.4350165519720015,0.8502994011976048,5.24548224733863,0.006893426824241186,5.22762092162857,0.5748502994011976,random_order
norm,0.07332015960330236,5.2851674648936e-05,0.07667156111520897,0.3013972055888224,0.08162916664865531,3.915915855024755e-05,0.07636349677851534,0.8023952095808383,random_order
tss,2078.7519353920648,4001.5321611046916,1828.9621147388457,1.0,1734.1904512968729,4464.951467640109,1334.149306591353,1.0,random_order
hubers,3.6235146855055578,0.02765970103567186,3.4350165519720015,0.874251497005988,5.2783669010704815,0.03718591732142593,5.22762092162857,0.5868263473053892,pca_trans
norm,0.07632061884018898,7.617341467166597e-05,0.07667156111520897,0.47105788423153694,0.07927420825271611,4.6182519158364315e-05,0.07636349677851534,0.6586826347305389,pca_trans
tss,1826.7707671585367,16187.034115578012,1828.9621147388457,0.4471057884231537,1315.4152916574133,8123.093569913353,1334.149306591353,0.39520958083832336,pca_trans
hubers,6.008220500305477,0.022909767301467907,4.107421583752825,1.0,8.825676069235493,0.028438530383565832,6.001513653926221,1.0,min_max
norm,0.06916375879001667,3.11920979995206e-05,0.06307155027337566,0.8762475049900199,0.07084447973524266,1.5013373305190034e-05,0.06851418647069754,0.720558882235529,min_max
tss,5481.463025583268,33455.49885847891,2339.254374950698,1.0,4466.463458590129,24283.38981462925,1709.9944773519276,1.0,min_max
hubers,4.004853959807324,0.011151730787847857,4.107421583752825,0.0998003992015968,5.941900560638522,0.006751157018466367,6.001513653926221,0.15169660678642716,random_order
norm,0.06535282874826856,4.280610630145941e-05,0.06307155027337566,0.6087824351297405,0.07280825352894721,3.2648616898316694e-05,0.06851418647069754,0.7684630738522954,random_order
tss,2640.546173261535,3857.7206215292913,2339.254374950698,1.0,2182.1123595794356,4256.535709992713,1709.9944773519276,1.0,random_order
hubers,4.148885762794258,0.04494366675914949,4.107421583752825,0.5888223552894212,5.995041305775451,0.050725423406552894,6.001513653926221,0.49700598802395207,pca_trans
norm,0.07322895930054675,6.931195729178721e-05,0.06307155027337566,0.8922155688622755,0.06963507901975774,4.04497405088166e-05,0.06851418647069754,0.5828343313373253,pca_trans
tss,2268.276191973887,22787.023674756703,2339.254374950698,0.3413173652694611,1673.2997262461508,12716.499041486119,1709.9944773519276,0.35528942115768464,pca_trans
hubers,6.145954087451473,0.022636198755401783,4.122648831387877,1.0,9.080454471570075,0.02893887144899508,6.014415743276894,1.0,min_max
norm,0.06490851396012977,2.2595044526096033e-05,0.054324989617354616,0.9940119760479041,0.06930626137882287,1.3254172928308116e-05,0.0633471390179782,0.9441117764471058,min_max
tss,5986.838288868522,43753.26550382427,2559.1323192232376,1.0,4962.33660565589,36589.78231503867,1977.9132334125693,1.0,min_max
hubers,4.107469727519747,0.01410340203994367,4.122648831387877,0.6187624750499002,6.119532554601927,0.004746612097203042,6.014415743276894,0.9261477045908184,random_order
norm,0.06572849439088321,3.920622470807265e-05,0.054324989617354616,0.9780439121756487,0.07312421298015383,3.1894616867291416e-05,0.0633471390179782,0.9580838323353293,random_order
tss,2848.615697778878,915.6507742722373,2559.1323192232376,1.0,2402.9234170258214,1314.5930981890615,1977.9132334125693,1.0,random_order
hubers,4.132244499962852,0.03457721773395877,4.122648831387877,0.562874251497006,6.058361822713501,0.03997982778868495,6.014415743276894,0.5988023952095808,pca_trans
norm,0.07074872556146951,7.673350119080045e-05,0.054324989617354616,0.9860279441117764,0.07246621982880834,4.983303932286675e-05,0.0633471390179782,0.9161676646706587,pca_trans
tss,2489.6040706736876,22926.81715064328,2559.1323192232376,0.313373253493014,1889.6513433828638,12898.251897521146,1977.9132334125693,0.20758483033932135,pca_trans
hubers,6.0645103433766545,0.01838472474311054,4.34147707153545,1.0,8.941407974609504,0.024845536483167247,6.254745654882896,1.0,min_max
norm,0.06365103438660734,2.2716731864857933e-05,0.07913063423898913,0.001996007984031936,0.06872839517620642,1.4583041655247622e-05,0.07616142459192747,0.02594810379241517,min_max
tss,5731.1334938346,33649.8360669715,2546.3394764615086,1.0,4668.7810307931195,26273.35883874087,1947.4565617927592,1.0,min_max
hubers,4.091735020717318,0.008002536927670825,4.34147707153545,0.001996007984031936,6.049434065287608,0.004432847381152508,6.254745654882896,0.003992015968063872,random_order
norm,0.06982844237070691,3.725591102548241e-05,0.07913063423898913,0.06187624750499002,0.07611672627199494,3.4128373720891645e-05,0.07616142459192747,0.49101796407185627,random_order
tss,2688.959772873815,1815.0842540577046,2546.3394764615086,1.0,2204.278775776524,2102.0562286173235,1947.4565617927592,1.0,random_order
hubers,4.239174835732154,0.03515064742700818,4.34147707153545,0.2874251497005988,6.178664313102776,0.0431880593730402,6.254745654882896,0.35728542914171657,pca_trans
norm,0.069953482815995,5.974528251853829e-05,0.07913063423898913,0.1317365269461078,0.0708087099416987,3.945078250674315e-05,0.07616142459192747,0.20159680638722555,pca_trans
tss,2551.2119667563206,24725.56454773985,2546.3394764615086,0.500998003992016,1923.1446308267782,15590.483892036367,1947.4565617927592,0.4311377245508982,pca_trans
hubers,6.363745734795595,0.02407601618120474,4.358477442889574,1.0,9.36395798206857,0.029989733282333605,6.318618208877232,1.0,min_max
norm,0.06256330936082881,2.2890103716453922e-05,0.06042897934279834,0.6487025948103793,0.06631868859758466,1.533590454469521e-05,0.06019094168593419,0.9481037924151696,min_max
tss,6257.401631219629,44708.07009444373,2505.331280650521,1.0,5101.812217811691,35920.4077508327,1777.5703453724282,1.0,min_max
hubers,4.238934277862664,0.014739213743539377,4.358477442889574,0.1377245508982036,6.271424077790093,0.01184004682371123,6.318618208877232,0.36726546906187624,random_order
norm,0.07072986242266208,3.535465966887474e-05,0.06042897934279834,0.9720558882235529,0.07306315299165986,2.934096798458654e-05,0.06019094168593419,0.9960079840319361,random_order
tss,2905.4191474160984,9737.441254372883,2505.331280650521,1.0,2430.93731776717,10444.08588818336,1777.5703453724282,1.0,random_order
hubers,4.386509103617126,0.04451833457404337,4.358477442889574,0.5948103792415169,6.296127074211796,0.05296494773684923,6.318618208877232,0.44510978043912175,pca_trans
norm,0.06901033046963896,5.9193170767201094e-05,0.06042897934279834,0.8762475049900199,0.06623174524884717,3.510519245166129e-05,0.06019094168593419,0.8782435129740519,pca_trans
tss,2438.078775340182,27454.4673243462,2505.331280650521,0.32934131736526945,1735.2976140547448,14135.494968774665,1777.5703453724282,0.34530938123752497,pca_trans
hubers,6.94847345288759,0.03003228905457064,4.5575937775414195,1.0,10.151877117694399,0.03853548833800045,6.631074890336854,1.0,min_max
norm,0.06356206790666197,2.3664542590126613e-05,0.060591763783848285,0.7325349301397206,0.06263664033982823,1.1890128859669547e-05,0.06140902509184899,0.6307385229540918,min_max
tss,7142.325283748324,54805.41790534237,2917.204614187673,1.0,5810.064378347484,39997.1470259345,2145.5842192398577,1.0,min_max
hubers,4.3966370853485675,0.01763636644879178,4.5575937775414195,0.02594810379241517,6.552284834304603,0.006053391919933875,6.631074890336854,0.09181636726546906,random_order
norm,0.0603026086219433,3.913984090961734e-05,0.060591763783848285,0.4530938123752495,0.06544063725033622,2.600411220720282e-05,0.06140902509184899,0.7904191616766467,random_order
tss,3190.6752747505457,2839.8272744745286,2917.204614187673,1.0,2622.6653254495054,3241.565692721239,2145.5842192398577,1.0,random_order
hubers,4.532177578151862,0.04634901836212174,4.5575937775414195,0.46107784431137727,6.614679136042674,0.05903594688533374,6.631074890336854,0.46706586826347307,pca_trans
norm,0.061556263657098945,4.546043127669756e-05,0.060591763783848285,0.5329341317365269,0.06355360972827086,3.3367363177222224e-05,0.06140902509184899,0.6407185628742516,pca_trans
tss,2899.872620262946,39326.712641050995,2917.204614187673,0.4590818363273453,2124.1506392599163,21670.29381367035,2145.5842192398577,0.4251497005988024,pca_trans
hubers,6.3176864453646155,0.02465621306607889,4.191154664927092,1.0,9.27308870432316,0.02975481276386246,6.174127335877555,1.0,min_max
norm,0.06504679335481287,3.214644395373562e-05,0.065251633033849,0.5129740518962076,0.0667138114093607,1.4218857812209274e-05,0.06187999739667365,0.908183632734531,min_max
tss,6090.4300898182355,42355.48602854118,2479.3675076921677,1.0,4986.710509070345,31899.0672970454,1824.520416349306,1.0,min_max
hubers,4.076525927452537,0.01993932501791643,4.191154664927092,0.1996007984031936,6.0733455179187334,0.0097020191733145,6.174127335877555,0.21956087824351297,random_order
norm,0.06356655366122972,4.059149667136299e-05,0.065251633033849,0.3972055888223553,0.07062907262256178,3.3596574782161437e-05,0.06187999739667365,0.9321357285429142,random_order
tss,2778.851923127817,7750.451861124774,2479.3675076921677,1.0,2312.87817013896,8502.014588391086,1824.520416349306,1.0,random_order
hubers,4.210682475169746,0.037770182625445056,4.191154664927092,0.5828343313373253,6.1365347624907765,0.05231215019828407,6.174127335877555,0.4630738522954092,pca_trans
norm,0.06688605602976763,5.914393523905867e-05,0.065251633033849,0.5528942115768463,0.06805689714935163,3.989432281434873e-05,0.06187999739667365,0.8363273453093812,pca_trans
tss,2466.0905386087065,27505.206131203853,2479.3675076921677,0.47105788423153694,1800.6951559559345,15181.478338263638,1824.520416349306,0.43313373253493015,pca_trans
hubers,6.058657471702709,0.0260782855682476,4.06857719371295,1.0,8.826626238034747,0.027178339125870348,5.880797703857496,1.0,min_max
norm,0.07536595315183475,4.399239112961253e-05,0.06517067013657298,0.936127744510978,0.07083470825863569,1.6186150687811117e-05,0.06448562234713666,0.9500998003992016,min_max
tss,5404.738456088215,38115.33632375204,2216.0119533579063,1.0,4477.385122097547,31075.206076928833,1638.2215525754218,1.0,min_max
hubers,3.9666327054195616,0.009723381334108855,4.06857719371295,0.033932135728542916,5.888897183047156,0.005681030467573226,5.880797703857496,0.6207584830339321,random_order
norm,0.06853670282996575,3.259593184664032e-05,0.06517067013657298,0.7045908183632734,0.07645196543119784,3.108141444084936e-05,0.06448562234713666,0.9900199600798403,random_order
tss,2619.008836442147,4080.9364359144997,2216.0119533579063,1.0,2192.060919674907,4710.252231222237,1638.2215525754218,1.0,random_order
hubers,4.063250066739961,0.036237300416267146,4.06857719371295,0.4870259481037924,5.840779194589183,0.05196733659413401,5.880797703857496,0.437125748502994,pca_trans
norm,0.07377124923251085,7.079464709259416e-05,0.06517067013657298,0.8483033932135728,0.07178386655133054,4.3452357263008446e-05,0.06448562234713666,0.8622754491017964,pca_trans
tss,2150.297046162621,22017.250721007924,2216.0119533579063,0.3273453093812375,1558.7476634728728,11804.506982285968,1638.2215525754218,0.2315369261477046,pca_trans
hubers,5.764260975893462,0.021356713148301672,3.853711178175711,1.0,8.508580782613027,0.02224813613827589,5.585487389709156,1.0,min_max
norm,0.06720433123747103,2.7871327719721763e-05,0.051839629577298804,1.0,0.0717919454498811,1.5676411671754734e-05,0.06877328930108367,0.7904191616766467,min_max
tss,5186.568792167049,28366.25075755353,2250.0525960380573,1.0,4235.176966521388,20423.194758958543,1644.43235953048,1.0,min_max
hubers,3.8406157175217577,0.01038635288315403,3.853711178175711,0.5948103792415169,5.696079173555832,0.0041651100678335665,5.585487389709156,0.9401197604790419,random_order
norm,0.06770735691260221,4.132561299853256e-05,0.051839629577298804,0.998003992015968,0.07536872647229918,3.694479516892761e-05,0.06877328930108367,0.8542914171656687,random_order
tss,2434.3552472170163,565.3664367327922,2250.0525960380573,1.0,2015.167966631643,801.9044151102908,1644.43235953048,1.0,random_order
hubers,3.923405915046063,0.02883970967748458,3.853711178175711,0.6806387225548902,5.721574641276463,0.04216391618747435,5.585487389709156,0.7365269461077845,pca_trans
norm,0.07039052003016502,6.316329233676445e-05,0.051839629577298804,0.9960079840319361,0.07354007157866414,4.588391758577805e-05,0.06877328930108367,0.7564870259481038,pca_trans
tss,2169.0453675386493,21311.260822609696,2250.0525960380573,0.2694610778443114,1579.2912781880893,11213.847121674811,1644.43235953048,0.249500998003992,pca_trans
hubers,6.143339291533785,0.02881803207229027,3.9534885602574223,1.0,8.89705916607389,0.030494860673770715,5.523494440768884,1.0,min_max
norm,0.0789758905172312,3.9571202475677186e-05,0.06676238694869659,0.9900199600798403,0.07191081000516994,1.4462242881900303e-05,0.07141133799403654,0.5489021956087824,min_max
tss,5332.625117213776,31103.036346673325,2181.9938009874195,1.0,4371.257548208023,22887.304055178585,1670.0304328486984,1.0,min_max
hubers,3.8340445802256875,0.01255226392115056,3.9534885602574223,0.011976047904191617,5.68862319569433,0.006925526529259833,5.523494440768884,0.9520958083832335,random_order
norm,0.06811784130968863,4.9290570869589906e-05,0.06676238694869659,0.5528942115768463,0.07485839230241173,3.8594719332725306e-05,0.07141133799403654,0.6986027944111777,random_order
tss,2455.5772762497068,3247.7760144854788,2181.9938009874195,1.0,2055.7014013148573,3651.101762531087,1670.0304328486984,1.0,random_order
hubers,3.920561551165484,0.028087800147251114,3.9534885602574223,0.4411177644710579,5.6874076643148905,0.03697512010865825,5.523494440768884,0.7884231536926147,pca_trans
norm,0.07693376438803357,7.430548665682573e-05,0.06676238694869659,0.8802395209580839,0.07649193561962706,5.25810575494714e-05,0.07141133799403654,0.7485029940119761,pca_trans
tss,2118.4729657818007,16936.465532135175,2181.9938009874195,0.32335329341317365,1581.5069906229965,9679.645878060708,1670.0304328486984,0.16966067864271456,pca_trans
hubers,6.369813115988174,0.026218148067965893,4.345170489634227,1.0,9.393307620482766,0.03288542801161307,6.170909046615618,1.0,min_max
norm,0.061523311021255224,2.2868668789651797e-05,0.07172443122376582,0.023952095808383235,0.06573920220601741,1.3648497923716397e-05,0.06474774632793963,0.6047904191616766,min_max
tss,6332.596137226979,63240.9012213021,2403.9356976686167,1.0,5178.94651184505,54130.52298666237,1890.0581614964572,1.0,min_max
hubers,4.194771589812105,0.019282753725314343,4.345170489634227,0.003992015968063872,6.237914761603428,0.006559471529516771,6.170909046615618,0.7944111776447106,random_order
norm,0.06392185354669135,4.044353609055529e-05,0.07172443122376582,0.1217564870259481,0.07004456435074068,3.1696756523253333e-05,0.06474774632793963,0.8363273453093812,random_order
tss,2937.5595785106802,3937.7694280146966,2403.9356976686167,1.0,2459.7951388623173,4322.963297278848,1890.0581614964572,1.0,random_order
hubers,4.314007319297467,0.042550487880192576,4.345170489634227,0.4530938123752495,6.184395487408242,0.05460144564783882,6.170909046615618,0.5329341317365269,pca_trans
norm,0.07338780926175816,6.166277562595073e-05,0.07172443122376582,0.5588822355289421,0.06779901491929681,3.217697104667217e-05,0.06474774632793963,0.6906187624750499,pca_trans
tss,2398.6905527722192,24995.88464609392,2403.9356976686167,0.48303393213572854,1799.6656838251802,14182.200423993494,1890.0581614964572,0.2435129740518962,pca_trans
hubers,6.143166319707477,0.023341185612854105,4.125982345786257,1.0,9.045906067023756,0.033281705153169173,5.948134984590657,1.0,min_max
norm,0.06483760829518215,2.7627876516015824e-05,0.0662282680243528,0.35528942115768464,0.06891943741321445,1.549221067923035e-05,0.07413360529849827,0.09780439121756487,min_max
tss,5881.356434256617,58070.53456537916,2465.1416427361546,1.0,4823.926762348527,53533.57525429079,1862.4328747996844,1.0,min_max
hubers,4.085447416279616,0.011220460265808654,4.125982345786257,0.4750499001996008,6.034699139165541,0.0077929490474560525,5.948134984590657,0.8143712574850299,random_order
norm,0.07094892256106618,4.4488728386261955e-05,0.0662282680243528,0.7624750499001997,0.07510911618029817,3.4367991906557194e-05,0.07413360529849827,0.5369261477045908,random_order
tss,2716.461576763315,5253.1220417757895,2465.1416427361546,1.0,2277.072765734255,5882.169274236941,1862.4328747996844,1.0,random_order
hubers,4.088608646469226,0.03632646956903245,4.125982345786257,0.45708582834331335,5.996880434531713,0.04268203548518873,5.948134984590657,0.5948103792415169,pca_trans
norm,0.06617781786370153,5.741576763537656e-05,0.0662282680243528,0.46706586826347307,0.06941777885420201,3.987084004372504e-05,0.07413360529849827,0.22355289421157684,pca_trans
tss,2440.369444629973,26022.22086348364,2465.1416427361546,0.43313373253493015,1820.9764402853382,14756.845948388398,1862.4328747996844,0.36327345309381237,pca_trans
hubers,6.01656482454171,0.019127805263733106,4.39723113410559,1.0,8.873225399712572,0.026287015577512198,6.283678224502368,1.0,min_max
norm,0.06462963190310034,2.7375985093063373e-05,0.07129034236348208,0.09780439121756487,0.06891716438912221,1.3561739367616373e-05,0.06469234785970766,0.9021956087824351,min_max
tss,5668.5352422195065,42272.84763541873,2563.865889869865,1.0,4656.815345119333,35807.348003884974,1983.1656312490736,1.0,min_max
hubers,4.172938982085378,0.009847238384039902,4.39723113410559,0.001996007984031936,6.145687514747754,0.010190305937564806,6.283678224502368,0.11976047904191617,random_order
norm,0.07312203750242834,3.5133734727018236e-05,0.07129034236348208,0.6227544910179641,0.07536567918617507,3.0971174116413255e-05,0.06469234785970766,0.9740518962075848,random_order
tss,2772.5718726981318,7086.8350922072395,2563.865889869865,1.0,2311.661343929778,7878.496658690377,1983.1656312490736,1.0,random_order
hubers,4.235933229649639,0.03839382700115695,4.39723113410559,0.18363273453093812,6.145372217796924,0.043532488697598244,6.283678224502368,0.24151696606786427,pca_trans
norm,0.0691938187961642,6.168390433136389e-05,0.07129034236348208,0.40119760479041916,0.06831328681858675,3.8151589429518324e-05,0.06469234785970766,0.6986027944111777,pca_trans
tss,2457.302662495942,23479.541522835894,2563.865889869865,0.22954091816367264,1826.5589158650823,13222.380877255522,1983.1656312490736,0.0998003992015968,pca_trans
hubers,6.04255048968231,0.023826012049816613,3.9874093630427825,1.0,8.860929098506238,0.02819583285326396,5.786714724411835,1.0,min_max
norm,0.07054313367650894,3.54595615859328e-05,0.06661422448879532,0.7564870259481038,0.07112655452144484,1.6621524101163942e-05,0.07121552196511705,0.48303393213572854,min_max
tss,5508.681098164939,37800.891008602826,2148.7246524626003,1.0,4497.92343298104,29008.75520586496,1522.3457856048803,1.0,min_max
hubers,3.913614173562646,0.010548806775131266,3.9874093630427825,0.21157684630738524,5.780254374989205,0.007183482434850632,5.786714724411835,0.5588822355289421,random_order
norm,0.06986744931097624,3.8752518453749785e-05,0.06661422448879532,0.6986027944111777,0.07414364594591102,3.549971151132923e-05,0.07121552196511705,0.6986027944111777,random_order
tss,2504.8815224971695,3533.355365588375,2148.7246524626003,1.0,2109.058367693511,4064.6649136809447,1522.3457856048803,1.0,random_order
hubers,3.9731341848376496,0.03796183133223298,3.9874093630427825,0.4930139720558882,5.781089205649861,0.04600168402563527,5.786714724411835,0.49101796407185627,pca_trans
norm,0.0719333208747078,6.440034733436073e-05,0.06661422448879532,0.7405189620758483,0.07279359043215904,4.546208049363512e-05,0.07121552196511705,0.590818363273453,pca_trans
tss,2158.099190933963,22240.028190864043,2148.7246524626003,0.5129740518962076,1552.770102439872,11422.688545741144,1522.3457856048803,0.6027944111776448,pca_trans
hubers,5.219355144133391,0.016465241488209985,3.962565793074185,1.0,7.696269363702497,0.018157896511622803,5.571545834732505,1.0,min_max
norm,0.07505660596233504,3.094032733969436e-05,0.08758412476791975,0.027944111776447105,0.07992520666980153,2.0024625923019653e-05,0.08226837447086587,0.29740518962075846,min_max
tss,4237.032170546077,18418.19450537764,1895.9171590162946,1.0,3456.2431484354165,14460.030905291855,1417.8916492482692,1.0,min_max
hubers,3.744397623167647,0.005258995196840422,3.962565793074185,0.001996007984031936,5.510076883163789,0.0025517024265094886,5.571545834732505,0.04790419161676647,random_order
norm,0.08231114459965548,4.4913065157313e-05,0.08758412476791975,0.18363273453093812,0.08597108836612642,3.4637458550319e-05,0.08226837447086587,0.7425149700598802,random_order
tss,2207.481914288975,482.0874700600504,1895.9171590162946,1.0,1821.0488509859383,605.5859108268454,1417.8916492482692,1.0,random_order
hubers,3.86915409110086,0.036886292095940715,3.962565793074185,0.32934131736526945,5.5553526639653645,0.046469082455587854,5.571545834732505,0.46107784431137727,pca_trans
norm,0.07857119708268917,7.47598916842463e-05,0.08758412476791975,0.15169660678642716,0.07554251504814513,4.0719800103406856e-05,0.08226837447086587,0.1377245508982036,pca_trans
tss,1931.8552319775438,17780.91052890411,1895.9171590162946,0.6047904191616766,1405.8093016603389,9331.782543735659,1417.8916492482692,0.4031936127744511,pca_trans
hubers,5.643215239337811,0.019204279726573133,3.945652876204134,1.0,8.315723652912686,0.025853904994147137,5.682055609336029,1.0,min_max
norm,0.07275940263676474,3.3209581732385346e-05,0.08103724412180448,0.07984031936127745,0.07588387451997543,1.668577114462719e-05,0.08179079943166856,0.09780439121756487,min_max
tss,4961.002826450928,38413.70112816219,2131.7685674363447,1.0,4092.1003315863395,36019.875097267744,1566.0567871234148,1.0,min_max
hubers,3.796804311244265,0.01114119332773188,3.945652876204134,0.001996007984031936,5.637605098188795,0.00679370528966911,5.682055609336029,0.36726546906187624,random_order
norm,0.07216579113223458,5.439683842347507e-05,0.08103724412180448,0.11776447105788423,0.0807487664262805,4.1554273497388395e-05,0.08179079943166856,0.42714570858283435,random_order
tss,2410.049115241915,2791.9369784785554,2131.7685674363447,1.0,2017.5522823433964,3094.820381856465,1566.0567871234148,1.0,random_order
hubers,3.8678344467707477,0.03125590676932784,3.945652876204134,0.3373253493013972,5.606975409325292,0.03638292821851362,5.682055609336029,0.3473053892215569,pca_trans
norm,0.07605225785786555,7.0996273695742e-05,0.08103724412180448,0.27944111776447106,0.07693947534760127,5.1366404432491324e-05,0.08179079943166856,0.25149700598802394,pca_trans
tss,2042.5480170059689,16828.979351119448,2131.7685674363447,0.2435129740518962,1487.322735237288,10431.247410097774,1566.0567871234148,0.2155688622754491,pca_trans
hubers,5.7933862572542,0.026064548502087673,3.725351730777177,1.0,8.424860039054506,0.030349339317801587,5.658462929614988,1.0,min_max
norm,0.08196881375469187,3.983059097765308e-05,0.0689321922515691,0.9900199600798403,0.07791005221121106,1.8273096355677997e-05,0.0724039594373085,0.908183632734531,min_max
tss,4758.831732066475,24124.571025747864,2088.3888057735126,1.0,3818.727206874635,15625.918336421748,1471.1538487783891,1.0,min_max
hubers,3.7485037172073588,0.007636744241438532,3.725351730777177,0.7445109780439122,5.532390908169377,0.004059299609908931,5.658462929614988,0.001996007984031936,random_order
norm,0.073406549479106,4.3416242814450396e-05,0.0689321922515691,0.7524950099800399,0.07834387505444873,4.0816513285829425e-05,0.0724039594373085,0.8383233532934131,random_order
tss,2264.4813344778463,525.1362566637223,2088.3888057735126,1.0,1872.9140963470625,743.2621827383153,1471.1538487783891,1.0,random_order
hubers,3.865395088896857,0.030469579274991096,3.725351730777177,0.812375249500998,5.611500040140031,0.0364428391029943,5.658462929614988,0.3872255489021956,pca_trans
norm,0.07156666698036125,7.005606803760521e-05,0.0689321922515691,0.6067864271457086,0.07372978451294906,5.4039105732340007e-05,0.0724039594373085,0.5489021956087824,pca_trans
tss,2027.8760282406952,18144.92958630711,2088.3888057735126,0.3033932135728543,1432.9052948873766,10267.54058413765,1471.1538487783891,0.3273453093812375,pca_trans
hubers,6.8902894890278334,0.032787334093197944,4.069414934676095,1.0,9.93926895343375,0.036951026124888806,5.9121961659711895,1.0,min_max
norm,0.0728400105840226,3.0415901017624524e-05,0.050262182724714326,1.0,0.0640417893497299,1.044228517032257e-05,0.0567837879059184,0.9920159680638723,min_max
tss,6598.0443533190155,41321.871556255486,2386.1057441540916,1.0,5447.322818147575,31210.75442621798,1771.7169015877873,1.0,min_max
hubers,3.9638205713040637,0.013733000578320864,4.069414934676095,0.03792415169660679,5.880799477083492,0.0062315823710243304,5.9121961659711895,0.4111776447105788,random_order
norm,0.05639615585801093,3.2279663503935083e-05,0.050262182724714326,0.8522954091816367,0.06201214060879157,2.837342697065697e-05,0.0567837879059184,0.8283433133732535,random_order
tss,2635.078905529076,696.3942520607662,2386.1057441540916,1.0,2189.940475748346,1003.8811058803225,1771.7169015877873,1.0,random_order
hubers,4.124175439784291,0.0367741827930591,4.069414934676095,0.6227544910179641,5.971569157166911,0.04630956686026478,5.9121961659711895,0.5888223552894212,pca_trans
norm,0.07152944409592706,6.522211855489204e-05,0.050262182724714326,0.998003992015968,0.07034355298448437,3.829979491139631e-05,0.0567837879059184,0.9880239520958084,pca_trans
tss,2314.9648709813905,23994.784826628813,2386.1057441540916,0.3153692614770459,1715.4379607091312,13637.102746445042,1771.7169015877873,0.29740518962075846,pca_trans
hubers,5.612846640243955,0.022262719579991,3.3514133115486207,1.0,8.223027897254093,0.024196735054021253,5.618502606125274,1.0,min_max
norm,0.07696872351615598,4.315118384351196e-05,0.08833725088834328,0.04790419161676647,0.07605393492483631,1.7002377330894944e-05,0.07467644039104779,0.6347305389221557,min_max
tss,4720.8781246759,26011.298291378476,2170.9694000067802,1.0,3865.461131830468,18248.084340219222,1702.1386428430496,1.0,min_max
hubers,3.7280581616389874,0.010097200766565872,3.3514133115486207,0.9920159680638723,5.528472838455358,0.00833976800641813,5.618502606125274,0.22554890219560877,random_order
norm,0.06983912601177855,4.520394051947748e-05,0.08833725088834328,0.013972055888223553,0.07781798434363275,3.5108199871574434e-05,0.07467644039104779,0.6806387225548902,random_order
tss,2306.379561849662,5944.870291637239,2170.9694000067802,0.998003992015968,1921.60346782147,6484.479602144387,1702.1386428430496,1.0,random_order
hubers,3.844910240011448,0.02737248120294016,3.3514133115486207,0.9960079840319361,5.604596470212731,0.034097083760047116,5.618502606125274,0.47105788423153694,pca_trans
norm,0.07698867480869644,7.291019908818255e-05,0.08833725088834328,0.09181636726546906,0.0776216573233438,4.268020287659681e-05,0.07467644039104779,0.6626746506986028,pca_trans
tss,2124.859898204431,16105.733305192123,2170.9694000067802,0.32934131736526945,1631.717697290003,10111.389126861943,1702.1386428430496,0.23353293413173654,pca_trans
hubers,6.114310196207018,0.022080255175251542,4.2845913279318335,1.0,9.014605287844887,0.031191294890013394,6.188842902165379,1.0,min_max
norm,0.06457146451722882,2.503289051536139e-05,0.0686487943717732,0.20958083832335328,0.06885749188157429,1.3371531913007717e-05,0.07480252275842283,0.06986027944111776,min_max
tss,5852.422735764176,54062.83814458961,2578.100666263164,1.0,4806.490095761056,50510.86581963121,1826.3442997868606,1.0,min_max
hubers,4.121677049477606,0.015891841011368417,4.2845913279318335,0.003992015968063872,6.137346543157863,0.0093534473667873,6.188842902165379,0.3932135728542914,random_order
norm,0.06766763450003516,3.821491836773679e-05,0.0686487943717732,0.3972055888223553,0.07539510082702333,2.9675316543113423e-05,0.07480252275842283,0.5349301397205589,random_order
tss,2823.5670859814036,7112.23023722999,2578.100666263164,1.0,2351.883282016015,7712.6099910417515,1826.3442997868606,1.0,random_order
hubers,4.18109774580546,0.02948366094755174,4.2845913279318335,0.281437125748503,6.120677239250275,0.03836930885688846,6.188842902165379,0.36926147704590817,pca_trans
norm,0.06651931412683205,5.931599193472643e-05,0.0686487943717732,0.36127744510978044,0.07051439999895241,4.256930547295491e-05,0.07480252275842283,0.24750499001996007,pca_trans
tss,2482.554860042547,22955.014244690836,2578.100666263164,0.281437125748503,1789.4668486105213,12713.640288398125,1826.3442997868606,0.36726546906187624,pca_trans
hubers,6.071412899771954,0.02567102957447808,4.551634302327153,1.0,8.960581574081939,0.03153314126063241,6.6447811135822965,1.0,min_max
norm,0.06445886106122999,2.4132565675858476e-05,0.06855943316427869,0.20758483033932135,0.06886328609363336,1.644487705649432e-05,0.07849935796799497,0.007984031936127744,min_max
tss,5825.242158818787,59679.10257858123,2962.7422859818566,1.0,4820.613155440188,56488.031903994655,2199.9615185387256,1.0,min_max
hubers,4.325636053884684,0.006864080549721306,4.551634302327153,0.001996007984031936,6.3905446136348845,0.004463699263731554,6.6447811135822965,0.001996007984031936,random_order
norm,0.06876781106656671,3.688958785748085e-05,0.06855943316427869,0.4870259481037924,0.0756999714369139,2.9815563999420085e-05,0.07849935796799497,0.3013972055888224,random_order
tss,2993.114916239854,1670.6198842814163,2962.7422859818566,0.810379241516966,2444.5766136836783,2000.4453292321703,2199.9615185387256,1.0,random_order
hubers,4.4585830177153944,0.029351164002874585,4.551634302327153,0.3013972055888224,6.5405096606271655,0.04071346362522223,6.6447811135822965,0.3213572854291417,pca_trans
norm,0.06271980573799477,4.909279156520198e-05,0.06855943316427869,0.20758483033932135,0.06620031007478229,4.184988435081315e-05,0.07849935796799497,0.029940119760479042,pca_trans
tss,2935.184367088387,31889.292560666665,2962.7422859818566,0.4750499001996008,2226.442054338235,22204.786232799994,2199.9615185387256,0.5788423153692615,pca_trans
hubers,5.711670234053428,0.019262096407396206,4.096213003998453,1.0,8.409016944992489,0.023384569654610273,5.918977316059724,1.0,min_max
norm,0.07083113516232839,2.7788467828944125e-05,0.06622505258012781,0.7924151696606786,0.0749907264228971,1.7285824056294198e-05,0.07366088846086492,0.6487025948103793,min_max
tss,4973.270162425524,25595.405006427605,2242.4407651275174,1.0,4000.8592949714744,18418.462521987865,1565.172854924203,1.0,min_max
hubers,3.9521598256707513,0.012914893293075142,4.096213003998453,0.021956087824351298,5.864426521418576,0.008440052235816503,5.918977316059724,0.3393213572854291,random_order
norm,0.07232242647229321,4.252320972214153e-05,0.06622505258012781,0.8203592814371258,0.07896359742688668,3.4870442683823765e-05,0.07366088846086492,0.8043912175648703,random_order
tss,2557.750995014458,6557.715510703346,2242.4407651275174,1.0,2120.31781106155,7210.75248114293,1565.172854924203,1.0,random_order
hubers,4.077210593240196,0.037357441251575224,4.096213003998453,0.48502994011976047,5.8953813967420645,0.0477817904728814,5.918977316059724,0.4431137724550898,pca_trans
norm,0.07090656480424047,5.991157727124706e-05,0.06622505258012781,0.7365269461077845,0.07125958831374789,3.95619079078269e-05,0.07366088846086492,0.3592814371257485,pca_trans
tss,2206.9821083701922,23165.46219449134,2242.4407651275174,0.3772455089820359,1568.326293286115,11708.257734272562,1565.172854924203,0.47904191616766467,pca_trans
hubers,5.539384855747185,0.022643318979635507,4.023546085497743,1.0,8.171709337070524,0.0258479269560171,5.888426609395349,1.0,min_max
norm,0.07113864088088537,2.4786065599035755e-05,0.07803068218500413,0.08183632734530938,0.07654363600493394,1.92119073465608e-05,0.08031550739407434,0.18562874251497005,min_max
tss,4742.981132645142,29094.760704803324,2194.07033384785,1.0,3830.662321940159,20415.1185991534,1570.3394048489536,1.0,min_max
hubers,3.9658870569446063,0.0062542536138056985,4.023546085497743,0.1596806387225549,5.8549825857734366,0.002764943594651295,5.888426609395349,0.2774451097804391,random_order
norm,0.07767136346312939,3.886398483726875e-05,0.07803068218500413,0.4630738522954092,0.08467601223539035,3.5557997533838625e-05,0.08031550739407434,0.7524950099800399,random_order
tss,2488.27777537038,680.6556841941944,2194.07033384785,1.0,2021.6135402312646,948.116984840532,1570.3394048489536,1.0,random_order
hubers,4.0418270530058535,0.034791618853154675,4.023546085497743,0.5528942115768463,5.842143776621742,0.04976843871573941,5.888426609395349,0.4111776447105788,pca_trans
norm,0.07208915045757942,6.883122516071907e-05,0.07803068218500413,0.2315369261477046,0.07243599670934306,4.4282327272863216e-05,0.08031550739407434,0.11776447105788423,pca_trans
tss,2190.090598330582,23493.374840271183,2194.07033384785,0.46706586826347307,1576.7413324937247,11783.380852875222,1570.3394048489536,0.5049900199600799,pca_trans
