,index,mean_2,var_2,og_var_2,p_val_2,mean_3,var_3,og_var_3,p_val_3,mean_4,var_4,og_var_4,p_val_4,mean_5,var_5,og_var_5,p_val_5,mean_6,var_6,og_var_6,p_val_6,mc_type,k,n,feat,noise,sep
0,hubers,6.2200561278043995,0.026825390437903874,3.972583191618003,1.0,8.18293038236471,0.030399979715627586,5.107838232094175,1.0,9.142312637086565,0.0348330075289672,5.825720925963768,1.0,9.702112223376789,0.037162332562959234,6.112736106873234,1.0,10.063474765932076,0.03840011066398907,6.200310440308477,1.0,min_max,2,100,10,0,0.5
1,norm,0.06902078703922689,3.1894862363911397e-05,0.06253983131457085,0.8662674650698603,0.07367484726988578,2.1773109646582307e-05,0.07842412767367359,0.14570858283433133,0.07019684257410397,1.6382041312387532e-05,0.06797992879573317,0.7125748502994012,0.06507917941917722,1.1839262407828757e-05,0.06622573044064833,0.3592814371257485,0.060393338028660794,1.1142455698464836e-05,0.0689291604268916,0.00998003992015968,min_max,2,100,10,0,0.5
2,tss,5925.031747221541,59023.31972703373,2357.9021425598876,1.0,5302.293028224948,56720.82890799815,2022.406651697642,1.0,4870.524564843786,53431.57514064091,1834.1455330568447,1.0,4540.215747973956,52145.412744147274,1669.9894668310828,1.0,4271.985216853881,50921.729586893474,1542.9949911675756,1.0,min_max,2,100,10,0,0.5
3,hubers,3.9080164538129716,0.014403938685628807,3.972583191618003,0.35129740518962077,5.198666750689041,0.007003389309289977,5.107838232094175,0.8622754491017964,5.82622323081833,0.006271318607505251,5.825720925963768,0.6287425149700598,6.192352878421406,0.004027388922078027,6.112736106873234,0.9041916167664671,6.420014975908332,0.0045194072058131135,6.200310440308477,0.9920159680638723,random_order,2,100,10,0,0.5
4,norm,0.06779104201508401,4.335419191621158e-05,0.06253983131457085,0.780439121756487,0.07608054015010504,4.162979501139159e-05,0.07842412767367359,0.3473053892215569,0.0743353406187705,3.900509202984508e-05,0.06797992879573317,0.8582834331337326,0.07039614389404117,3.2397915854115144e-05,0.06622573044064833,0.7664670658682635,0.06685139333817391,2.8811419549302352e-05,0.0689291604268916,0.34331337325349304,random_order,2,100,10,0,0.5
5,tss,2574.2804468861004,1335.9690794288838,2357.9021425598876,1.0,2335.971349351348,1562.210463318047,2022.406651697642,1.0,2161.657693203205,1659.3076564320968,1834.1455330568447,1.0,2027.2270667585678,1700.7572424088219,1669.9894668310828,1.0,1916.0944177929732,1691.962249320137,1542.9949911675756,1.0,random_order,2,100,10,0,0.5
6,hubers,3.964645511213578,0.03805565661801482,3.972583191618003,0.499001996007984,5.20379509867832,0.03195613580769258,5.107838232094175,0.7285429141716567,5.799655583476614,0.03471299894978737,5.825720925963768,0.4251497005988024,6.136934212784743,0.03372356959426395,6.112736106873234,0.5369261477045908,6.360128040933625,0.03624862395752373,6.200310440308477,0.7924151696606786,pca_trans,2,100,10,0,0.5
7,norm,0.077325172356183,8.073829475673603e-05,0.06253983131457085,0.9580838323353293,0.08167473928550212,6.574938104050512e-05,0.07842412767367359,0.6307385229540918,0.07695239799633122,4.998654115254014e-05,0.06797992879573317,0.9041916167664671,0.07143000523223524,3.676474157990349e-05,0.06622573044064833,0.7944111776447106,0.06618575334757154,3.201894546895426e-05,0.0689291604268916,0.3273453093812375,pca_trans,2,100,10,0,0.5
8,tss,2296.415843840827,17180.384428715897,2357.9021425598876,0.313373253493014,1993.0063955924622,12946.580598440743,2022.406651697642,0.3872255489021956,1793.307736118577,10616.948693641469,1834.1455330568447,0.3373253493013972,1644.9446346663058,9295.238421734848,1669.9894668310828,0.3812375249500998,1526.9389388298746,8379.340204070115,1542.9949911675756,0.42714570858283435,pca_trans,2,100,10,0,0.5
9,hubers,6.45311483841383,0.029023215353857566,3.843007054469115,1.0,8.491074407157104,0.03678403863976388,5.42296171204882,1.0,9.50250870986929,0.03927272662436904,6.032861105912991,1.0,10.091969999981945,0.0410183004756269,6.407000043511636,1.0,10.473214246014411,0.04220589349152919,6.622742361215306,1.0,min_max,2,100,10,0,1
10,norm,0.06359463785816596,2.754883103111888e-05,0.07748315096513483,0.011976047904191617,0.06879317007125672,1.9224015837199815e-05,0.07378603369589257,0.11377245508982035,0.06623893162129195,1.3696990657007364e-05,0.06868547620744489,0.24151696606786427,0.06205509133411113,1.1521541692773093e-05,0.07276973834016309,0.001996007984031936,0.05775509418182337,9.505031465726676e-06,0.06928283667433985,0.001996007984031936,min_max,2,100,10,0,1
11,tss,6493.681087904213,73529.4452825135,2587.0126126885943,1.0,5837.752828076355,68914.44692791537,2199.7147003684568,1.0,5363.394146398304,65757.10556615621,1960.2978710692537,1.0,4996.779734891301,63965.594915755835,1725.8544435703316,1.0,4699.302559683527,62828.4251609963,1590.5852061059124,1.0,min_max,2,100,10,0,1
12,hubers,4.0816834537358755,0.01972979344992357,3.843007054469115,0.9401197604790419,5.438454472803972,0.008610337450633842,5.42296171204882,0.6666666666666666,6.097189432849036,0.005312147333829609,6.032861105912991,0.8243512974051896,6.483317704084258,0.00404974274354265,6.407000043511636,0.8822355289421158,6.72373147948854,0.004195688827202654,6.622742361215306,0.9301397205588823,random_order,2,100,10,0,1
13,norm,0.06380254518369684,3.742800673232806e-05,0.07748315096513483,0.027944111776447105,0.07209040969041963,3.960350105231317e-05,0.07378603369589257,0.36926147704590817,0.07100431386128771,3.490662087136102e-05,0.06868547620744489,0.6347305389221557,0.06736935122655668,3.0489585174243574e-05,0.07276973834016309,0.16966067864271456,0.06410982709786092,2.8658258225104845e-05,0.06928283667433985,0.15768463073852296,random_order,2,100,10,0,1
14,tss,2831.3322992903973,1747.0077801235243,2587.0126126885943,1.0,2573.1334864336477,2076.2059190824925,2199.7147003684568,1.0,2382.616824837461,2233.648979574323,1960.2978710692537,1.0,2231.998534114939,2302.5842861465762,1725.8544435703316,1.0,2107.731277637807,2372.388360683089,1590.5852061059124,1.0,random_order,2,100,10,0,1
15,hubers,4.151099568461277,0.02870079610272792,3.843007054469115,0.9540918163672655,5.460578809303122,0.033049424143503044,5.42296171204882,0.5868263473053892,6.073729065981563,0.03605849521006686,6.032861105912991,0.6067864271457086,6.431244548897584,0.03635320360226871,6.407000043511636,0.5508982035928144,6.654159283206682,0.03864452649667002,6.622742361215306,0.5508982035928144,pca_trans,2,100,10,0,1
16,norm,0.07260332108501742,6.007378516133495e-05,0.07748315096513483,0.25748502994011974,0.07924004297959851,5.367749955081007e-05,0.07378603369589257,0.7684630738522954,0.07437516666829662,4.131807495435533e-05,0.06868547620744489,0.8243512974051896,0.06851063841569953,2.974118274516247e-05,0.07276973834016309,0.22554890219560877,0.06381956592476616,2.6945041820188216e-05,0.06928283667433985,0.13972055888223553,pca_trans,2,100,10,0,1
17,tss,2527.697000794081,18892.151548877195,2587.0126126885943,0.32934131736526945,2164.86091056624,13581.595226723195,2199.7147003684568,0.36926147704590817,1949.4485732611186,11240.795287358835,1960.2978710692537,0.4750499001996008,1789.3728166831722,9335.994575184812,1725.8544435703316,0.7485029940119761,1661.9973053553913,8201.2252722658,1590.5852061059124,0.7904191616766467,pca_trans,2,100,10,0,1
18,hubers,7.526476786103498,0.035573059242829316,6.943598034529827,0.9900199600798403,9.922133371416646,0.0416645769643204,7.95289329707597,1.0,11.100044043087557,0.039143932954811986,8.251864843105555,1.0,11.779342750548915,0.042482550576333225,9.018857833717112,1.0,12.219886895193726,0.042484271270071566,9.40523404003026,1.0,min_max,2,100,10,0,3
19,norm,0.05206569930527507,1.5367359793724735e-05,0.09845497728172872,0.001996007984031936,0.057587470586575006,1.2362878562957737e-05,0.0819718069654042,0.001996007984031936,0.05589436051261112,9.385684460466143e-06,0.07732246678592183,0.001996007984031936,0.05245997410622855,7.71162136962274e-06,0.06024393102989566,0.005988023952095809,0.048981487064584835,6.6030901213771046e-06,0.04840282199653173,0.5768463073852296,min_max,2,100,10,0,3
20,tss,8750.914744385771,82648.58117642095,2585.401653378055,1.0,7777.835465044574,68850.66725513634,2235.8144207839478,1.0,7073.228518108453,61251.005778681,1979.865661440465,1.0,6535.516201190669,54400.7650096625,1729.395411091889,1.0,6101.773002988495,48025.64906156549,1544.9271091425653,1.0,min_max,2,100,10,0,3
21,hubers,5.908882439858359,0.005834335937411677,6.943598034529827,0.001996007984031936,7.694579479550195,0.010394779326960528,7.95289329707597,0.001996007984031936,8.616703406900294,0.005580008095059359,8.251864843105555,1.0,9.124965810790727,0.005617360139213193,9.018857833717112,0.8822355289421158,9.453063035864641,0.005802423149451491,9.40523404003026,0.7924151696606786,random_order,2,100,10,0,3
22,norm,0.06716190047305784,1.4306257068894619e-05,0.09845497728172872,0.001996007984031936,0.07366644182157946,1.5265736032432577e-05,0.0819718069654042,0.013972055888223553,0.07166021646795669,1.3713021806943855e-05,0.07732246678592183,0.07984031936127745,0.06733304152844469,1.1544568225445504e-05,0.06024393102989566,0.9900199600798403,0.06256965324082563,9.51604385166884e-06,0.04840282199653173,1.0,random_order,2,100,10,0,3
23,tss,5032.973061915627,7797.355094237618,2585.401653378055,1.0,4368.02430527755,10194.871152173773,2235.8144207839478,1.0,3877.167312095604,10830.007911541194,1979.865661440465,1.0,3516.578795702127,10493.255840375525,1729.395411091889,1.0,3238.5546836442454,10109.660032832648,1544.9271091425653,1.0,random_order,2,100,10,0,3
24,hubers,6.042608915089957,0.11553373314410952,6.943598034529827,0.007984031936127744,7.484058462306454,0.14860467871113633,7.95289329707597,0.10978043912175649,8.27032734175885,0.1324919703227327,8.251864843105555,0.5129740518962076,8.701306319280576,0.13564255458674257,9.018857833717112,0.18163672654690619,8.976778202056702,0.13442419043309403,9.40523404003026,0.1157684630738523,pca_trans,2,100,10,0,3
25,norm,0.05711338983557033,4.800736761633542e-05,0.09845497728172872,0.001996007984031936,0.05655497171705627,2.3563462886815434e-05,0.0819718069654042,0.001996007984031936,0.04821549205881456,2.084185907819268e-05,0.07732246678592183,0.001996007984031936,0.0423793789651669,1.469208884569346e-05,0.06024393102989566,0.001996007984031936,0.03771594885066827,1.2434151080563729e-05,0.04840282199653173,0.003992015968063872,pca_trans,2,100,10,0,3
26,tss,3498.7934488964984,58121.0672714725,2585.401653378055,1.0,2792.623363854951,33580.31784299385,2235.8144207839478,1.0,2431.007840861261,26289.15739749243,1979.865661440465,0.998003992015968,2175.0469999650204,21794.514219110955,1729.395411091889,0.998003992015968,1986.1755998754509,19959.93400300741,1544.9271091425653,0.998003992015968,pca_trans,2,100,10,0,3
27,hubers,5.767319410789273,0.019831827895321587,3.460933312024016,1.0,7.587573838904775,0.028103187345868464,4.847763631576277,1.0,8.481875638198431,0.030920078834612476,5.381058174693494,1.0,9.003499052617494,0.032832374814473986,5.777451330166729,1.0,9.339765935662639,0.03397452449223473,5.937819362373062,1.0,min_max,4,100,10,0,0.5
28,norm,0.07102123737695798,3.056272856422943e-05,0.04579170332822943,1.0,0.07707256690621131,2.276728688962589e-05,0.05822847936938103,1.0,0.07438415550831752,1.7676986685067453e-05,0.06501544762269022,0.9940119760479041,0.0696591904589192,1.4972651648210226e-05,0.05542663351328878,1.0,0.06498002389828608,1.1575436039613748e-05,0.057881468790530737,0.9940119760479041,min_max,4,100,10,0,0.5
29,tss,5150.471586325119,46706.60664547964,2254.3295995884537,1.0,4613.863071949064,43201.69364548381,2019.0130906188842,1.0,4229.26628045276,42128.38117705032,1859.4343359880218,1.0,3934.797719301949,41047.5576480373,1734.5394331403431,1.0,3694.457095030687,39864.90672780616,1628.1776389539616,1.0,min_max,4,100,10,0,0.5
30,hubers,3.6891451693892696,0.014206199090213601,3.460933312024016,0.9321357285429142,4.914645757688697,0.006485329652361252,4.847763631576277,0.8283433133732535,5.500237454207868,0.005088230099952113,5.381058174693494,0.93812375249501,5.847802949459993,0.004005661467845644,5.777451330166729,0.8702594810379242,6.07366969012296,0.0039280520916380665,5.937819362373062,0.9700598802395209,random_order,4,100,10,0,0.5
31,norm,0.06605172268086502,5.0946366966210785e-05,0.04579170332822943,1.0,0.0753786546325272,5.2509633700596726e-05,0.05822847936938103,0.9920159680638723,0.07455755526760585,4.6387980819571654e-05,0.06501544762269022,0.9341317365269461,0.07112029152790848,3.6608805784223335e-05,0.05542663351328878,0.998003992015968,0.0675246468352943,3.68071168353254e-05,0.057881468790530737,0.9461077844311377,random_order,4,100,10,0,0.5
32,tss,2329.0637264456273,1149.1344063557508,2254.3295995884537,0.9600798403193613,2120.9798471139634,1394.480771921372,2019.0130906188842,0.9660678642714571,1964.7800123189356,1540.1399787835358,1859.4343359880218,0.9620758483033932,1840.5915730514978,1602.3555323820676,1734.5394331403431,0.9600798403193613,1736.936291754204,1620.8375391034554,1628.1776389539616,0.9620758483033932,random_order,4,100,10,0,0.5
33,hubers,3.7252712362401654,0.02378469690377948,3.460933312024016,0.9301397205588823,4.923028948807192,0.02293531494113867,4.847763631576277,0.6866267465069861,5.4944060423850845,0.027210339361082497,5.381058174693494,0.7245508982035929,5.83031169220838,0.028374160665216953,5.777451330166729,0.6147704590818364,6.041142696397385,0.029395379112777096,5.937819362373062,0.7145708582834331,pca_trans,4,100,10,0,0.5
34,norm,0.07937062843597548,7.564438025145029e-05,0.04579170332822943,1.0,0.08677359417515794,7.1954635980986e-05,0.05822847936938103,1.0,0.0835331669491473,5.5523834398862426e-05,0.06501544762269022,1.0,0.07790594486098319,4.4244177886183396e-05,0.05542663351328878,1.0,0.07274395391300989,3.716820974030521e-05,0.057881468790530737,0.9960079840319361,pca_trans,4,100,10,0,0.5
35,tss,2165.832234418626,13611.351642886966,2254.3295995884537,0.22554890219560877,1912.8657739558062,11015.129568043996,2019.0130906188842,0.1596806387225549,1740.0242420600034,9478.567705557514,1859.4343359880218,0.11177644710578842,1610.7184981808457,8636.509407384417,1734.5394331403431,0.08582834331337326,1507.954163556872,7945.882722040738,1628.1776389539616,0.08582834331337326,pca_trans,4,100,10,0,0.5
36,hubers,6.182534169556688,0.022921364873642176,4.13812248256948,1.0,8.135512469936307,0.02710987051766901,5.438833212635287,1.0,9.09636664459798,0.028395159801328843,6.131592660094024,1.0,9.657148546262254,0.03166662391337524,6.468490356908914,1.0,10.022266127271614,0.03330384537219206,6.713324430077985,1.0,min_max,4,100,10,0,1
37,norm,0.06684456390901414,2.637127256373236e-05,0.0682551134724632,0.38922155688622756,0.07211026288055479,1.7941639885475776e-05,0.07493146492823587,0.26746506986027946,0.06932704442870335,1.387286519730848e-05,0.07053783940334812,0.35728542914171657,0.06493818508949238,1.0950466637153531e-05,0.06865537785182506,0.13972055888223553,0.06055701036382905,1.0091866910870887e-05,0.06427457813011601,0.09780439121756487,min_max,4,100,10,0,1
38,tss,5942.861772051826,52999.25431547183,2673.3587857686366,1.0,5346.802716339106,51842.915813218155,2378.4832731184497,1.0,4914.7470871582855,51562.66525432657,2150.081678104974,1.0,4580.087490248766,49085.6375983902,1981.6255459102608,1.0,4303.006512076619,49354.19222814107,1853.928441751692,1.0,min_max,4,100,10,0,1
39,hubers,4.068933730257873,0.013184602069219651,4.13812248256948,0.3313373253493014,5.400883959820936,0.010434455137483532,5.438833212635287,0.47105788423153694,6.054469207356738,0.006480997734470083,6.131592660094024,0.12974051896207583,6.438955931872814,0.004871153951767052,6.468490356908914,0.38323353293413176,6.683213409075137,0.004282651393580318,6.713324430077985,0.3652694610778443,random_order,4,100,10,0,1
40,norm,0.06285650034824598,4.791533317529394e-05,0.0682551134724632,0.1996007984031936,0.0721066359694425,4.912154506549869e-05,0.07493146492823587,0.3273453093812375,0.07103422268936399,3.7589993048679944e-05,0.07053783940334812,0.5329341317365269,0.06781422800351482,3.3254985711919996e-05,0.06865537785182506,0.4351297405189621,0.06439474952424853,3.0418538558066513e-05,0.06427457813011601,0.4930139720558882,random_order,4,100,10,0,1
41,tss,2805.4785371120224,1817.3078940640996,2673.3587857686366,0.9640718562874252,2551.448897926689,2087.666862325389,2378.4832731184497,0.9880239520958084,2360.9543359801332,2346.956351098091,2150.081678104974,0.998003992015968,2210.200384817263,2419.10489765734,1981.6255459102608,0.998003992015968,2083.6143745510353,2515.6457253685976,1853.928441751692,0.998003992015968,random_order,4,100,10,0,1
42,hubers,4.079364495730841,0.024148514708016506,4.13812248256948,0.37924151696606784,5.397503457035424,0.027040033856695688,5.438833212635287,0.42115768463073855,6.026894301283501,0.02879137986135968,6.131592660094024,0.2934131736526946,6.389495168837371,0.03064084615497846,6.468490356908914,0.3253493013972056,6.624374381179547,0.03089894206571674,6.713324430077985,0.32934131736526945,pca_trans,4,100,10,0,1
43,norm,0.07121627788181877,6.492255325110988e-05,0.0682551134724632,0.624750499001996,0.07887400189031554,5.1290851102105864e-05,0.07493146492823587,0.6946107784431138,0.07579661815439506,4.367249842402505e-05,0.07053783940334812,0.7724550898203593,0.07117785750670565,3.750394297224904e-05,0.06865537785182506,0.654690618762475,0.06619881171640449,3.2457792786043896e-05,0.06427457813011601,0.626746506986028,pca_trans,4,100,10,0,1
44,tss,2607.5578591388175,18057.769588596904,2673.3587857686366,0.313373253493014,2298.153922248887,15096.685118966208,2378.4832731184497,0.25349301397205587,2086.824373445923,13461.449349460292,2150.081678104974,0.2894211576846307,1929.032411873458,12365.074522123756,1981.6255459102608,0.2994011976047904,1805.7426223015104,11503.605678590373,1853.928441751692,0.3273453093812375,pca_trans,4,100,10,0,1
45,hubers,8.68576989920123,0.04818034447983912,5.992994403243278,1.0,11.467498281086343,0.058045685998875,9.635994376478362,1.0,12.834005852432183,0.059076695626039184,11.281447177061926,1.0,13.63186206025138,0.06268107174330702,11.505932174905077,1.0,14.155430075941487,0.06937849271737721,11.673814705524428,1.0,min_max,4,100,10,0,3
46,norm,0.04560508727493752,1.3820572329957993e-05,0.054707991226071846,0.013972055888223553,0.04989539236863933,8.896771271364386e-06,0.07546491235167872,0.001996007984031936,0.04850589627344931,7.922988515368229e-06,0.07799108302102935,0.001996007984031936,0.04565201670820666,6.407516038898074e-06,0.07031558305206502,0.001996007984031936,0.042785583555801844,5.584243961343244e-06,0.06147606154716269,0.001996007984031936,min_max,4,100,10,0,3
47,tss,12012.18381604814,206309.27648436654,5799.309651709114,1.0,10860.344217863838,188990.68945551562,3378.59380504201,1.0,10007.4814943217,180063.46552057494,1630.4420701176628,1.0,9338.676177548916,177879.66779294837,1455.5323346589007,1.0,8785.616388141636,174139.38484525564,1332.4551256502016,1.0,min_max,4,100,10,0,3
48,hubers,7.143058932227843,0.012622824865669721,5.992994403243278,0.998003992015968,9.369114860864508,0.01825452455672274,9.635994376478362,0.001996007984031936,10.492364669657757,0.013153742831323872,11.281447177061926,0.001996007984031936,11.154954883926324,0.010625031201626516,11.505932174905077,0.001996007984031936,11.58365514945701,0.009450222078885769,11.673814705524428,0.14570858283433133,random_order,4,100,10,0,3
49,norm,0.04757727014102568,1.1797234636364412e-05,0.054707991226071846,0.02594810379241517,0.053914287199335005,1.4673486553033413e-05,0.07546491235167872,0.001996007984031936,0.052872503177171834,1.2747107446208208e-05,0.07799108302102935,0.001996007984031936,0.05060280609876458,1.1326782703850915e-05,0.07031558305206502,0.001996007984031936,0.047966079332086776,9.606256646482528e-06,0.06147606154716269,0.003992015968063872,random_order,4,100,10,0,3
50,tss,8194.940819301959,9898.44851690856,5799.309651709114,1.0,7434.425208849349,12887.437054312602,3378.59380504201,1.0,6860.326281236915,15475.849791771743,1630.4420701176628,1.0,6389.692915998655,17321.97599157037,1455.5323346589007,1.0,6000.7740161192305,18338.183079447106,1332.4551256502016,1.0,random_order,4,100,10,0,3
51,hubers,7.175955807881235,0.11013480890894216,5.992994403243278,1.0,9.343168358638897,0.13494387619102963,9.635994376478362,0.21756487025948104,10.326835177739026,0.1469474446128995,11.281447177061926,0.003992015968063872,10.889722938872312,0.15390613230003958,11.505932174905077,0.06786427145708583,11.243883369356288,0.16458427759202193,11.673814705524428,0.1536926147704591,pca_trans,4,100,10,0,3
52,norm,0.04089272797837944,2.1343611672889194e-05,0.054707991226071846,0.003992015968063872,0.04311204991688055,1.7956292116944676e-05,0.07546491235167872,0.001996007984031936,0.040491240344542066,1.281920198625498e-05,0.07799108302102935,0.001996007984031936,0.037444741197809585,1.040800870522862e-05,0.07031558305206502,0.001996007984031936,0.03469825277999447,9.148126430013729e-06,0.06147606154716269,0.001996007984031936,pca_trans,4,100,10,0,3
53,tss,6557.6302417599245,204653.25507698912,5799.309651709114,0.9540918163672655,5288.472410660894,125150.17778716632,3378.59380504201,1.0,4539.186297617238,92279.48080014752,1630.4420701176628,1.0,4001.9734663582844,68508.9831137914,1455.5323346589007,1.0,3603.4601345912906,55779.56189707352,1332.4551256502016,1.0,pca_trans,4,100,10,0,3
54,hubers,5.773594177656791,0.018577829767754492,3.812637022270731,1.0,7.61254379942055,0.025467753771986727,5.219067906238214,1.0,8.515949196465,0.030607603905021263,5.724936427099471,1.0,9.034798303386772,0.03402415763752553,6.120838633775922,1.0,9.382059567884296,0.03163603188227037,6.3342987922400065,1.0,min_max,5,100,10,0,0.5
55,norm,0.07017536948824306,2.791832887262947e-05,0.0685009105213938,0.6107784431137725,0.07698434932762424,2.2458886142951925e-05,0.06910771679166952,0.9540918163672655,0.0746025857204327,1.890219695723828e-05,0.06896838666998847,0.9121756487025948,0.0700426399522339,1.500517079652328e-05,0.0634853849851867,0.9580838323353293,0.06520157105097803,1.2126726604277885e-05,0.05793261734596197,0.9780439121756487,min_max,5,100,10,0,0.5
56,tss,5243.269265553439,42027.96982827178,2442.4681130667805,1.0,4715.532948394142,38617.776807529466,2175.8217090252438,1.0,4331.846659771171,36617.1490693939,1989.4604217003402,1.0,4038.585307009818,35506.65212121792,1855.462168949513,1.0,3798.4466110241415,34694.81118005959,1757.068217553865,1.0,min_max,5,100,10,0,0.5
57,hubers,3.9394363776530286,0.013402017190136402,3.812637022270731,0.8802395209580839,5.2408102235217635,0.006195998376116732,5.219067906238214,0.7045908183632734,5.8727724163961685,0.004188309870207155,5.724936427099471,0.9720558882235529,6.239079267581539,0.0038526151559756822,6.120838633775922,0.9540918163672655,6.484537740390374,0.0030136737016374735,6.3342987922400065,0.9820359281437125,random_order,5,100,10,0,0.5
58,norm,0.06630935201181133,4.238802475268804e-05,0.0685009105213938,0.34530938123752497,0.07578520073433083,3.995662908874877e-05,0.06910771679166952,0.8582834331337326,0.07454182740240498,3.661289363372964e-05,0.06896838666998847,0.8343313373253493,0.07153907885982494,3.3294054883004286e-05,0.0634853849851867,0.9281437125748503,0.06756731657187981,2.6910766435643468e-05,0.05793261734596197,0.9800399201596807,random_order,5,100,10,0,0.5
59,tss,2640.586483840566,597.188409369048,2442.4681130667805,1.0,2408.1205073656533,807.9542345037389,2175.8217090252438,1.0,2232.827103279845,991.4672714907966,1989.4604217003402,1.0,2093.2476542072654,1082.7025338095257,1855.462168949513,1.0,1977.5406474219915,1125.8482141784248,1757.068217553865,1.0,random_order,5,100,10,0,0.5
60,hubers,3.97418236394178,0.024859927524231183,3.812637022270731,0.8682634730538922,5.228540367602366,0.02617688960018796,5.219067906238214,0.5389221556886228,5.832637979510908,0.028956383587473405,5.724936427099471,0.7225548902195609,6.184246898353106,0.03226244526291546,6.120838633775922,0.6327345309381237,6.418353785685411,0.03319706371676184,6.3342987922400065,0.6846307385229541,pca_trans,5,100,10,0,0.5
61,norm,0.07961017020767094,7.519003521529691e-05,0.0685009105213938,0.9141716566866267,0.08352228673880978,5.443652381223268e-05,0.06910771679166952,0.9820359281437125,0.07955659295566322,4.392256856110539e-05,0.06896838666998847,0.9520958083832335,0.07380876250077005,4.065150934353466e-05,0.0634853849851867,0.9640718562874252,0.0682873008082691,2.847216590665376e-05,0.05793261734596197,0.9820359281437125,pca_trans,5,100,10,0,0.5
62,tss,2416.701689571916,15735.20301772283,2442.4681130667805,0.4251497005988024,2150.9318060186315,12386.37649478953,2175.8217090252438,0.3992015968063872,1966.9952724855468,10332.064656013166,1989.4604217003402,0.3992015968063872,1827.891824224732,9001.961842007064,1855.462168949513,0.3712574850299401,1715.974720822891,7919.260242332734,1757.068217553865,0.3313373253493014,pca_trans,5,100,10,0,0.5
63,hubers,6.412402388010156,0.020892803212087044,3.972766559506167,1.0,8.455452956845864,0.028957718681106605,5.860519109728117,1.0,9.459156261521679,0.03420360608071458,6.430313872730472,1.0,10.038467323466783,0.03412432849912093,6.863764284977967,1.0,10.421556706119933,0.0366553833652415,7.178686391229884,1.0,min_max,5,100,10,0,1
64,norm,0.06196128870925855,2.3468872580099636e-05,0.07542969891501185,0.003992015968063872,0.06838766768852847,1.8177627986820035e-05,0.07955226374197893,0.007984031936127744,0.06635626198692982,1.4781667686834373e-05,0.079490974053579,0.001996007984031936,0.06255397018541861,1.2581016211156214e-05,0.07524521380898926,0.001996007984031936,0.05832814572200492,1.024178335347639e-05,0.06672986993727172,0.005988023952095809,min_max,5,100,10,0,1
65,tss,6500.205706638158,58355.00076852956,2981.513754642191,1.0,5856.334270086447,52876.84569283307,2574.34481583215,1.0,5385.786930642209,46622.740342712765,2349.0542939671054,1.0,5023.856154441342,45235.01024660806,2164.0419933175335,1.0,4728.632660201079,43744.84243629209,2004.8563576079114,1.0,min_max,5,100,10,0,1
66,hubers,4.374365247292401,0.0121512405965119,3.972766559506167,0.9920159680638723,5.8043975441201505,0.007584457832431422,5.860519109728117,0.2754491017964072,6.499626689767822,0.0057246539962577956,6.430313872730472,0.8323353293413174,6.911389844303276,0.004239063508245186,6.863764284977967,0.7884231536926147,7.179384724861262,0.003631576354753827,7.178686391229884,0.5828343313373253,random_order,5,100,10,0,1
67,norm,0.061127032097446646,3.255077372008783e-05,0.07542969891501185,0.013972055888223553,0.06953586287153672,3.389517693544879e-05,0.07955226374197893,0.0499001996007984,0.06894457639127943,3.2346789623617663e-05,0.079490974053579,0.04590818363273453,0.06570687759376156,2.8898242163314748e-05,0.07524521380898926,0.04590818363273453,0.06238880517301121,2.2710020207344435e-05,0.06672986993727172,0.1996007984031936,random_order,5,100,10,0,1
68,tss,3232.627545764638,1054.8182867927524,2981.513754642191,1.0,2947.2720271894714,1340.2060635804257,2574.34481583215,1.0,2731.720190680901,1637.637058266186,2349.0542939671054,1.0,2560.1644198882573,1752.8064073499797,2164.0419933175335,1.0,2416.783576953037,1795.7384532101237,2004.8563576079114,1.0,random_order,5,100,10,0,1
69,hubers,4.408104802849284,0.03169352597013966,3.972766559506167,0.9780439121756487,5.8142030259580935,0.0324149423169674,5.860519109728117,0.4091816367265469,6.481371591032375,0.03379864462352821,6.430313872730472,0.6007984031936128,6.872530865485843,0.03451756283419098,6.863764284977967,0.5229540918163673,7.118213095150421,0.03610901077480439,7.178686391229884,0.3872255489021956,pca_trans,5,100,10,0,1
70,norm,0.07050874133136244,5.620288060508854e-05,0.07542969891501185,0.25748502994011974,0.07608939471806714,4.856626537716181e-05,0.07955226374197893,0.2954091816367265,0.0713491820145577,3.6965754535424466e-05,0.079490974053579,0.08383233532934131,0.06593505713120124,3.250264363717962e-05,0.07524521380898926,0.059880239520958084,0.06151803656510626,2.4791820101979857e-05,0.06672986993727172,0.13572854291417166,pca_trans,5,100,10,0,1
71,tss,2964.006799657505,22694.685760524415,2981.513754642191,0.4550898203592814,2601.770367115575,17497.55490030027,2574.34481583215,0.5868263473053892,2377.117725313134,14957.283000656418,2349.0542939671054,0.5828343313373253,2205.7023334672244,13313.294668174562,2164.0419933175335,0.6447105788423154,2067.528171360844,12028.882806578107,2004.8563576079114,0.7265469061876247,pca_trans,5,100,10,0,1
72,hubers,8.999305065754136,0.04869372186003477,8.162228146174412,0.9920159680638723,11.887241626796385,0.05613730960602688,10.568605295901094,1.0,13.304592297639743,0.06205355573791004,11.645922888745224,1.0,14.119256075492913,0.06457970332473138,12.609223179016142,1.0,14.66732829128822,0.0635692274095112,12.747536730846134,1.0,min_max,5,100,10,0,3
73,norm,0.04277403977423269,9.963841165670295e-06,0.064698005691698,0.001996007984031936,0.047584018226275324,8.266256596987658e-06,0.07249613565107207,0.001996007984031936,0.046430995055150734,6.548115948918384e-06,0.07088258808533683,0.001996007984031936,0.044100210998373114,5.888654652958729e-06,0.0642755686130703,0.001996007984031936,0.041367825659961964,4.970037177781904e-06,0.059232144042440725,0.001996007984031936,min_max,5,100,10,0,3
74,tss,13004.660492983508,182562.29380937718,6573.213211398504,1.0,11769.001378766245,160108.31389298814,4459.544556964973,1.0,10852.59570137807,148534.84635224,3026.0873590617334,1.0,10131.071122711675,135571.76505852223,2029.5935195964266,1.0,9533.76141821991,126499.34740609085,1891.7083612876545,1.0,min_max,5,100,10,0,3
75,hubers,7.5358376425352676,0.0463727105621188,8.162228146174412,0.001996007984031936,10.054639410179234,0.01439811610595283,10.568605295901094,0.001996007984031936,11.252542977988092,0.010474452535740076,11.645922888745224,0.001996007984031936,11.958842418681831,0.007788284775174024,12.609223179016142,0.001996007984031936,12.421743579200353,0.006898516400930961,12.747536730846134,0.001996007984031936,random_order,5,100,10,0,3
76,norm,0.045241704744589155,1.389877724099902e-05,0.064698005691698,0.001996007984031936,0.05130506344862766,1.0704741526597471e-05,0.07249613565107207,0.001996007984031936,0.050830546765056966,9.677140698000838e-06,0.07088258808533683,0.001996007984031936,0.048412773284452745,8.925124162901415e-06,0.0642755686130703,0.001996007984031936,0.04567352515113339,7.362119839555482e-06,0.059232144042440725,0.001996007984031936,random_order,5,100,10,0,3
77,tss,9456.2183261276,10574.180012763978,6573.213211398504,1.0,8579.544795862035,13158.563856981602,4459.544556964973,1.0,7918.238956870213,15285.3098107326,3026.0873590617334,1.0,7393.549899361046,16182.131915260648,2029.5935195964266,1.0,6956.936076882498,16544.431226694152,1891.7083612876545,1.0,random_order,5,100,10,0,3
78,hubers,7.715518685105658,0.13073228785097865,8.162228146174412,0.09580838323353294,9.946658025248732,0.1614779828571957,10.568605295901094,0.0499001996007984,11.007520034748973,0.16181674646009298,11.645922888745224,0.05588822355289421,11.608332848605961,0.16327018756577916,12.609223179016142,0.00998003992015968,11.998909337913872,0.16701285742859392,12.747536730846134,0.033932135728542916,pca_trans,5,100,10,0,3
79,norm,0.040989167863637446,2.1612910597630034e-05,0.064698005691698,0.001996007984031936,0.04094443499834172,1.739966847240483e-05,0.07249613565107207,0.001996007984031936,0.03820854117657577,1.3007559385609103e-05,0.07088258808533683,0.001996007984031936,0.03487294521376188,1.0303751779627914e-05,0.0642755686130703,0.001996007984031936,0.031921041682483636,9.439090674565769e-06,0.059232144042440725,0.001996007984031936,pca_trans,5,100,10,0,3
80,tss,7278.920601623977,196741.01392726242,6573.213211398504,0.9500998003992016,6022.832865023121,123863.18759668422,4459.544556964973,1.0,5212.482591424112,96279.66508139091,3026.0873590617334,1.0,4656.777890354694,77812.26753280133,2029.5935195964266,1.0,4231.914448147206,66391.49490662345,1891.7083612876545,1.0,pca_trans,5,100,10,0,3
81,hubers,6.355370708734077,0.029365429367790227,4.1937240914022915,1.0,8.32483261544313,0.03333069442013942,5.515867820520954,1.0,9.30419326846115,0.036382119122182276,5.844556672808685,1.0,9.87000595493305,0.038368946816855376,6.087615985255739,1.0,10.233532942407397,0.04077134665054399,6.541477146752808,1.0,min_max,2,100,10,0.1,0.5
82,norm,0.06806687929898272,3.0898443133200376e-05,0.047436997567263245,1.0,0.07230607165800254,1.8711981515267223e-05,0.05501843624102239,1.0,0.06910663175434158,1.348496151755904e-05,0.061933294337691305,0.9780439121756487,0.0641278260497838,1.0582783467764314e-05,0.06924663673385381,0.05189620758483034,0.05939975300101972,8.972456747317319e-06,0.05867069637226683,0.5968063872255489,min_max,2,100,10,0.1,0.5
83,tss,6041.33298306402,63993.47683890906,2671.868089842039,1.0,5375.847105344081,57322.77440394902,2350.081804073224,1.0,4895.3580729891455,54393.992804789676,2095.712576125321,1.0,4539.468701818282,51711.904029860765,1893.1360383759256,1.0,4252.71671719136,50356.785245240506,1735.748279585294,1.0,min_max,2,100,10,0.1,0.5
84,hubers,4.146766106492956,0.014451963032463181,4.1937240914022915,0.4291417165668663,5.501745193997582,0.010298601116188499,5.515867820520954,0.5249500998003992,6.140150301840825,0.00891595534609305,5.844556672808685,0.9960079840319361,6.5123753294738504,0.009571797969448426,6.087615985255739,1.0,6.755601239334743,0.009099917868117103,6.541477146752808,0.9800399201596807,random_order,2,100,10,0.1,0.5
85,norm,0.06565234360985775,4.10063816535481e-05,0.047436997567263245,1.0,0.07301142493792566,3.0055785801309326e-05,0.05501843624102239,1.0,0.07073287087804006,3.249621510916134e-05,0.061933294337691305,0.9600798403193613,0.06675131169025209,2.8229959104273703e-05,0.06924663673385381,0.3073852295409182,0.06302274469467807,2.6957272301610574e-05,0.05867069637226683,0.7904191616766467,random_order,2,100,10,0.1,0.5
86,tss,2813.3458056429718,6298.976218992535,2671.868089842039,0.9421157684630739,2531.260559577356,6383.619167104138,2350.081804073224,0.9920159680638723,2339.572709507842,6586.466166046717,2095.712576125321,1.0,2190.922972509057,6841.146476299096,1893.1360383759256,1.0,2068.114734026852,6906.428259362731,1735.748279585294,1.0,random_order,2,100,10,0.1,0.5
87,hubers,4.190643300422298,0.03338257260736172,4.1937240914022915,0.5209580838323353,5.476568456116831,0.03505502264965241,5.515867820520954,0.4291417165668663,6.107311402621622,0.0354801047151048,5.844556672808685,0.9321357285429142,6.457244077989465,0.038919835101900516,6.087615985255739,0.9820359281437125,6.684679255396984,0.040522488992868415,6.541477146752808,0.7445109780439122,pca_trans,2,100,10,0.1,0.5
88,norm,0.07422450198347928,7.126474790091779e-05,0.047436997567263245,1.0,0.0766022728656694,5.568797642259521e-05,0.05501843624102239,0.9960079840319361,0.0719263630450817,4.058817649187858e-05,0.061933294337691305,0.9441117764471058,0.06681971825245617,3.554718843163032e-05,0.06924663673385381,0.3313373253493014,0.06182430524799322,2.9812874566707637e-05,0.05867069637226683,0.688622754491018,pca_trans,2,100,10,0.1,0.5
89,tss,2481.3383339534503,18188.953662466534,2671.868089842039,0.08782435129740519,2143.1313076857236,14709.871735602968,2350.081804073224,0.05389221556886228,1914.054439702095,12268.217116318156,2095.712576125321,0.05788423153692615,1745.0526020144453,10641.28909697838,1893.1360383759256,0.10179640718562874,1613.2712802480899,9624.799518581456,1735.748279585294,0.12974051896207583,pca_trans,2,100,10,0.1,0.5
90,hubers,6.55070321071197,0.025928068770228643,4.363662465309411,1.0,8.592959027597233,0.03265579767066439,5.242599775597308,1.0,9.602914734016277,0.03591495264269499,6.188379497857722,1.0,10.170535627793521,0.0377229681307102,6.8034673548233755,1.0,10.543002124143504,0.03873500432719773,6.9418523543197725,1.0,min_max,2,100,10,0.1,1
91,norm,0.06527840102672328,2.311566824573973e-05,0.04858814000342389,1.0,0.07069716420255936,1.8339516388907314e-05,0.056622717939099516,1.0,0.06778449173552832,1.3669846803387811e-05,0.06699133692160703,0.5848303393213573,0.06288689856290419,1.1701538240305909e-05,0.05729519068019166,0.9441117764471058,0.0580067576208506,9.920855161069656e-06,0.05709309836595216,0.5988023952095808,min_max,2,100,10,0.1,1
92,tss,6368.297533097921,53139.74895841631,2928.5446484361405,1.0,5603.677354255423,44608.974075281134,2536.4705363239264,1.0,5067.966705931734,39397.29447842308,2164.8900126948893,1.0,4684.160291436614,36538.061062172565,1933.169172419276,1.0,4381.342237483717,34733.47100783754,1777.1853680298352,1.0,min_max,2,100,10,0.1,1
93,hubers,4.356124214798357,0.011569312668880873,4.363662465309411,0.564870259481038,5.742306693360546,0.00975013278227597,5.242599775597308,1.0,6.409361866490438,0.011757899471200773,6.188379497857722,0.9660678642714571,6.8063169812037865,0.010277753480126548,6.8034673548233755,0.5808383233532934,7.056984271997779,0.010566560074948243,6.9418523543197725,0.8403193612774451,random_order,2,100,10,0.1,1
94,norm,0.06316361247335874,3.2648041533935664e-05,0.04858814000342389,1.0,0.06987875088812265,2.925124947390917e-05,0.056622717939099516,0.9960079840319361,0.0675183816323902,2.8541035323226986e-05,0.06699133692160703,0.5289421157684631,0.06380403470664277,2.5535881204102613e-05,0.05729519068019166,0.908183632734531,0.0602656795724721,2.3956338687378455e-05,0.05709309836595216,0.7405189620758483,random_order,2,100,10,0.1,1
95,tss,3071.724797248993,6856.077226828724,2928.5446484361405,0.93812375249501,2769.0200024822866,7131.442972298666,2536.4705363239264,1.0,2561.424683860813,7582.521016484998,2164.8900126948893,1.0,2398.318425343926,7988.982604594221,1933.169172419276,1.0,2263.9443119006223,8168.689026255866,1777.1853680298352,1.0,random_order,2,100,10,0.1,1
96,hubers,4.396727086587893,0.0354194313787367,4.363662465309411,0.6187624750499002,5.753946285970167,0.040318939636989924,5.242599775597308,0.9960079840319361,6.385385787996803,0.044870162380258954,6.188379497857722,0.8143712574850299,6.756046482418641,0.043870981050495785,6.8034673548233755,0.41317365269461076,6.996153196642154,0.04655545512432195,6.9418523543197725,0.5828343313373253,pca_trans,2,100,10,0.1,1
97,norm,0.070460928118232,5.63231580232342e-05,0.04858814000342389,0.998003992015968,0.07305823824895376,4.591708566314007e-05,0.056622717939099516,0.9940119760479041,0.06904247610459051,3.737720238570634e-05,0.06699133692160703,0.6187624750499002,0.06365740877201763,2.6540835070561762e-05,0.05729519068019166,0.8882235528942116,0.05886855089340887,2.3613240042709077e-05,0.05709309836595216,0.6227544910179641,pca_trans,2,100,10,0.1,1
98,tss,2699.296390316087,23757.00773992838,2928.5446484361405,0.07385229540918163,2313.27610508082,17385.735501364434,2536.4705363239264,0.0499001996007984,2061.642848064224,14129.27470229454,2164.8900126948893,0.1936127744510978,1876.2404673681115,12084.124779438782,1933.169172419276,0.3033932135728543,1731.8287318824885,10552.003768308952,1777.1853680298352,0.3313373253493014,pca_trans,2,100,10,0.1,1
99,hubers,7.922668636502997,0.040606150979768045,7.108092602486342,0.998003992015968,10.396855658015427,0.05328157264905637,7.955668444779547,1.0,11.595647459387768,0.05289919108664341,8.838091805167478,1.0,12.28574570582267,0.0530395054894345,9.254662561685633,1.0,12.733848406771612,0.057155025822449065,9.651179258740813,1.0,min_max,2,100,10,0.1,3
100,norm,0.05398938709942236,1.5614949238473235e-05,0.08419351531625428,0.001996007984031936,0.05846595100141131,1.2193789238491123e-05,0.07362788232843788,0.001996007984031936,0.05620711773458713,8.91047244515519e-06,0.06069859052688064,0.06387225548902195,0.05195899084650831,6.504639113420729e-06,0.050372797427309275,0.7285429141716567,0.04788717430491744,5.21288326632907e-06,0.04110509948491798,1.0,min_max,2,100,10,0.1,3
101,tss,9141.479753464166,92338.60955457519,2712.3780586753765,1.0,7956.833564844523,71701.81672425741,2329.831216516678,1.0,7132.68035806649,59299.289136678504,1950.5947905832354,1.0,6547.410023085932,50138.184776499904,1714.7446590719433,1.0,6087.559647733003,45068.632853925184,1500.343045623365,1.0,min_max,2,100,10,0.1,3
102,hubers,6.061467846501583,0.00983982517577781,7.108092602486342,0.001996007984031936,7.962932630613357,0.009340771567120397,7.955668444779547,0.5548902195608783,8.89520953222629,0.009111327729480022,8.838091805167478,0.716566866267465,9.418740774203481,0.009779619530870403,9.254662561685633,0.9740518962075848,9.753774030779391,0.009137317880503733,9.651179258740813,0.908183632734531,random_order,2,100,10,0.1,3
103,norm,0.058371160712578536,1.3841240932845523e-05,0.08419351531625428,0.001996007984031936,0.06514085158180151,1.2874605937765706e-05,0.07362788232843788,0.00998003992015968,0.06322172118966111,1.1101971320713913e-05,0.06069859052688064,0.7704590818363274,0.059590427251863774,1.0156103730441272e-05,0.050372797427309275,0.998003992015968,0.05558633071875961,8.734383064646389e-06,0.04110509948491798,1.0,random_order,2,100,10,0.1,3
104,tss,5405.866063377669,16912.175200934,2712.3780586753765,1.0,4675.484646374378,17937.221886557163,2329.831216516678,1.0,4157.359738440706,17667.361770809563,1950.5947905832354,1.0,3772.254986817071,17787.46759321022,1714.7446590719433,1.0,3475.1162861907387,18005.509063916666,1500.343045623365,1.0,random_order,2,100,10,0.1,3
105,hubers,6.357516173092275,0.1378853697455583,7.108092602486342,0.021956087824351298,7.864664154085365,0.18925508329757282,7.955668444779547,0.4251497005988024,8.656929195894522,0.1732105660002287,8.838091805167478,0.32335329341317365,9.128539515399602,0.18059192409420197,9.254662561685633,0.37924151696606784,9.410638315176856,0.1812750588290359,9.651179258740813,0.2834331337325349,pca_trans,2,100,10,0.1,3
106,norm,0.054108264697489715,3.650214325947737e-05,0.08419351531625428,0.001996007984031936,0.0533361018548936,2.2198004226467958e-05,0.07362788232843788,0.001996007984031936,0.04600542952451064,1.6807210176932804e-05,0.06069859052688064,0.001996007984031936,0.03985943622107553,1.1796517642255129e-05,0.050372797427309275,0.005988023952095809,0.03542322558067813,1.0462760487681011e-05,0.04110509948491798,0.04590818363273453,pca_trans,2,100,10,0.1,3
107,tss,3760.7638130820314,82709.68673206778,2712.3780586753765,1.0,2971.298813632136,42627.88478440523,2329.831216516678,1.0,2570.77010670802,30109.337128768337,1950.5947905832354,1.0,2287.8512571508118,23185.347402681717,1714.7446590719433,1.0,2079.4575917652733,18956.41893365775,1500.343045623365,1.0,pca_trans,2,100,10,0.1,3
108,hubers,5.814459366142915,0.025618671946453505,4.079680601983578,1.0,7.563962652497072,0.03341746925825008,4.86193653668757,1.0,8.461650036242432,0.033430197650289296,5.741349413137371,1.0,8.964548430374718,0.03444881638560633,6.2308463632768705,1.0,9.293897454118149,0.03492992905532954,6.308612802893995,1.0,min_max,4,100,10,0.1,0.5
109,norm,0.08102016048723913,4.3321482608939724e-05,0.07653948811816573,0.7485029940119761,0.08168216591804865,2.4836377848671907e-05,0.09315874842811081,0.017964071856287425,0.0763843811920124,1.7604711176159622e-05,0.07851306762457398,0.28542914171656686,0.0703582912805594,1.4772863755276336e-05,0.06088121517140049,0.998003992015968,0.06499466015832886,1.2573647383064628e-05,0.06178415436134417,0.8203592814371258,min_max,4,100,10,0.1,0.5
110,tss,4876.313297070727,38408.853200130645,2179.192770372755,1.0,4352.098516907264,31866.656687903935,1867.9230984512576,1.0,3975.1621895451126,30441.931890337513,1685.0096237040984,1.0,3692.1440715384483,28877.148969599784,1552.1083806764561,1.0,3463.130482802611,27597.25577484209,1435.8038897359795,1.0,min_max,4,100,10,0.1,0.5
111,hubers,4.017272035937203,0.008365249937914397,4.079680601983578,0.3073852295409182,5.235248704771497,0.01215547999444807,4.86193653668757,0.9900199600798403,5.853489139416473,0.010495005689396378,5.741349413137371,0.8822355289421158,6.2074216827762,0.009412215458932427,6.2308463632768705,0.49500998003992014,6.443693576906897,0.0095355347936536,6.308612802893995,0.9021956087824351,random_order,4,100,10,0.1,0.5
112,norm,0.08212044954250289,4.357879993015997e-05,0.07653948811816573,0.8003992015968064,0.08362809869100078,4.991045905287264e-05,0.09315874842811081,0.09580838323353294,0.07882489702369455,4.164904661375373e-05,0.07851306762457398,0.499001996007984,0.07332168544993474,3.602545530637348e-05,0.06088121517140049,0.9940119760479041,0.06833018047650621,2.6525590744697955e-05,0.06178415436134417,0.9121756487025948,random_order,4,100,10,0.1,0.5
113,tss,2459.965780589326,5019.093913604304,2179.192770372755,1.0,2237.4472130475842,5424.135359274369,1867.9230984512576,1.0,2069.8674912122897,5624.449486563056,1685.0096237040984,1.0,1936.588518594867,5899.503934677405,1552.1083806764561,1.0,1826.0036588596147,6086.966605959103,1435.8038897359795,1.0,random_order,4,100,10,0.1,0.5
114,hubers,4.110712695973191,0.034269784124534325,4.079680601983578,0.5948103792415169,5.2657187199944255,0.036077637430986936,4.86193653668757,0.9800399201596807,5.859857284877089,0.037020614240657036,5.741349413137371,0.7305389221556886,6.193356960453373,0.035464641868280675,6.2308463632768705,0.4311377245508982,6.407892336506369,0.036730634602835335,6.308612802893995,0.6986027944111777,pca_trans,4,100,10,0.1,0.5
115,norm,0.0869802789175503,8.78377614815865e-05,0.07653948811816573,0.8702594810379242,0.08353032385747437,5.591768867570676e-05,0.09315874842811081,0.10379241516966067,0.07564105656406628,4.377727702509097e-05,0.07851306762457398,0.3153692614770459,0.06828462619445977,3.49908150861151e-05,0.06088121517140049,0.8822355289421158,0.06194890688882914,3.282881932773595e-05,0.06178415436134417,0.47904191616766467,pca_trans,4,100,10,0.1,0.5
116,tss,2126.6137537868517,11668.696022587561,2179.192770372755,0.313373253493014,1850.8526132631353,9396.819924106974,1867.9230984512576,0.4251497005988024,1658.037335812362,8642.730790537926,1685.0096237040984,0.37524950099800397,1521.604474418126,7898.150198312776,1552.1083806764561,0.35728542914171657,1416.0374279500859,7341.8049459750055,1435.8038897359795,0.3972055888223553,pca_trans,4,100,10,0.1,0.5
117,hubers,6.214481726788412,0.026776705474204236,4.40841688822987,1.0,7.994349286173368,0.03295761631841967,5.278472965704218,1.0,8.949998344482726,0.03623327562348811,6.513483764089244,1.0,9.47838985052858,0.03374885556516659,6.933760595639287,1.0,9.824507677103979,0.034161882565106994,7.241007491461804,1.0,min_max,4,100,10,0.1,1
118,norm,0.08222151487946246,4.006377283231241e-05,0.07462157727975748,0.874251497005988,0.07885754857190594,2.2058924785066753e-05,0.09276366392710013,0.003992015968063872,0.07227163981119984,1.5008357305599896e-05,0.07346996156010165,0.3812375249500998,0.06601038497813404,1.2600711116322113e-05,0.06680523255192514,0.3852295409181637,0.060342673440838365,9.639363642407788e-06,0.05572439196627488,0.9321357285429142,min_max,4,100,10,0.1,1
119,tss,5280.089272657796,35359.23244851357,2626.0623156906777,1.0,4729.996826121507,29683.665399337697,2179.2003852651737,1.0,4325.208932583945,26328.514084333376,1908.0276097371143,1.0,4018.2317451179783,24153.303155791204,1714.0795618890627,1.0,3770.30588035506,22859.467943242205,1557.5451989582825,1.0,min_max,4,100,10,0.1,1
120,hubers,4.501758442962894,0.0076941370371705,4.40841688822987,0.8902195608782435,5.854967832189146,0.01231288367706322,5.278472965704218,1.0,6.525121491284786,0.010932245789832205,6.513483764089244,0.5668662674650699,6.926277200061793,0.011231012106416258,6.933760595639287,0.5449101796407185,7.183793234879146,0.010994954846815402,7.241007491461804,0.4031936127744511,random_order,4,100,10,0.1,1
121,norm,0.0794129728448477,3.45671125699345e-05,0.07462157727975748,0.7924151696606786,0.07882973470749867,3.874799298590876e-05,0.09276366392710013,0.01996007984031936,0.0741969295550324,2.834098515824637e-05,0.07346996156010165,0.5389221556886228,0.06862210459579918,2.578920428127203e-05,0.06680523255192514,0.6207584830339321,0.06372042732311084,2.0397968088066604e-05,0.05572439196627488,0.9660678642714571,random_order,4,100,10,0.1,1
122,tss,3010.084113049431,7847.6904291921355,2626.0623156906777,1.0,2738.414160480753,8370.704652985884,2179.2003852651737,1.0,2532.2265181196112,8987.773210509764,1908.0276097371143,1.0,2368.359052183385,9209.555065907574,1714.0795618890627,1.0,2232.7686942942423,9524.103137752523,1557.5451989582825,1.0,random_order,4,100,10,0.1,1
123,hubers,4.56551836633179,0.04877221128644985,4.40841688822987,0.7864271457085829,5.783406998225711,0.05647865196837724,5.278472965704218,0.9800399201596807,6.452372358441283,0.050289109235275915,6.513483764089244,0.38323353293413176,6.807857572149694,0.051436121471383156,6.933760595639287,0.2754491017964072,7.042799636142042,0.052583745859032256,7.241007491461804,0.17964071856287425,pca_trans,4,100,10,0.1,1
124,norm,0.07931738625128464,8.086329380233977e-05,0.07462157727975748,0.6866267465069861,0.07614905065229695,4.757072744819889e-05,0.09276366392710013,0.011976047904191617,0.06655530659879227,3.756148012322404e-05,0.07346996156010165,0.12574850299401197,0.06006240949382856,2.962224704146288e-05,0.06680523255192514,0.10179640718562874,0.05446258577578946,2.5797594721938475e-05,0.05572439196627488,0.37325349301397204,pca_trans,4,100,10,0.1,1
125,tss,2479.513473678084,21687.629225840294,2626.0623156906777,0.1656686626746507,2143.9286926623404,16620.029736662498,2179.2003852651737,0.3812375249500998,1916.3338815042998,14210.287467130936,1908.0276097371143,0.5109780439121756,1752.083159803382,12654.215107682712,1714.0795618890627,0.6287425149700598,1622.4404945703081,11758.599958905232,1557.5451989582825,0.7245508982035929,pca_trans,4,100,10,0.1,1
126,hubers,9.11365984906725,0.0613915090416517,7.128410339264019,1.0,11.66326387491816,0.08528562053007367,10.61608088870661,0.998003992015968,13.067214674011788,0.08251094844149263,12.2102200070107,0.9960079840319361,13.837180713255941,0.07945886373882434,12.449399536383039,1.0,14.344625244086854,0.08234115627150197,12.703438130669813,1.0,min_max,4,100,10,0.1,3
127,norm,0.05869764142291355,2.011564409589175e-05,0.052482010476981346,0.906187624750499,0.05415996760395267,1.1142555146360925e-05,0.056273486112894525,0.281437125748503,0.0488249364392439,6.6579300384199015e-06,0.054836977036278475,0.00998003992015968,0.044321120780001284,5.038565157152703e-06,0.04954238457976047,0.015968063872255488,0.040453054877281375,3.9695740194994224e-06,0.04374075032580236,0.05788423153692615,min_max,4,100,10,0.1,3
128,tss,11127.25322872281,197748.5107571259,5765.8533918275125,1.0,10049.196239942812,179122.55578525722,3613.325269264603,1.0,9241.93996945291,169739.81681576042,1768.7956270653103,1.0,8615.595391721807,164243.12026866083,1498.787312092396,1.0,8100.69174103128,158035.48712074556,1230.320329710009,1.0,min_max,4,100,10,0.1,3
129,hubers,6.806263967885494,0.03225811633283082,7.128410339264019,0.043912175648702596,10.357050693732115,0.029001752174629657,10.61608088870661,0.003992015968063872,11.530583933734302,0.03267144205479812,12.2102200070107,0.001996007984031936,12.146489104355606,0.033304182685981,12.449399536383039,0.007984031936127744,12.602789018825025,0.030502655383787665,12.703438130669813,0.4091816367265469,random_order,4,100,10,0.1,3
130,norm,0.07100968888571885,1.206234979109737e-05,0.052482010476981346,1.0,0.05979913679527007,9.593203061462382e-06,0.056273486112894525,0.8842315369261478,0.052647809474076594,1.1129757490388255e-05,0.054836977036278475,0.21357285429141717,0.04823642090822905,9.045370306173406e-06,0.04954238457976047,0.3393213572854291,0.044335090333909054,6.972472672100794e-06,0.04374075032580236,0.5868263473053892,random_order,4,100,10,0.1,3
131,tss,8778.443178439802,79498.81042739909,5765.8533918275125,1.0,7874.495656708575,87542.40932481913,3613.325269264603,1.0,7275.027888126094,91792.44740061012,1768.7956270653103,1.0,6813.210761145314,95280.90121059572,1498.787312092396,1.0,6418.557632952299,94745.97385254392,1230.320329710009,1.0,random_order,4,100,10,0.1,3
132,hubers,8.059722334031576,0.2055919131529858,7.128410339264019,0.9780439121756487,10.149587874984372,0.24797555056820586,10.61608088870661,0.17964071856287425,11.231830955478763,0.2601947894098025,12.2102200070107,0.033932135728542916,11.811113121173669,0.2634842081138612,12.449399536383039,0.1157684630738523,12.182445702667954,0.28646360208757904,12.703438130669813,0.17564870259481039,pca_trans,4,100,10,0.1,3
133,norm,0.038980946843504165,1.8835170837091295e-05,0.052482010476981346,0.001996007984031936,0.0381214001707054,1.1581546758242503e-05,0.056273486112894525,0.001996007984031936,0.03450080793106925,8.966339024015115e-06,0.054836977036278475,0.001996007984031936,0.0312146739053784,7.2212806710342e-06,0.04954238457976047,0.001996007984031936,0.02840911684980478,6.867872148428976e-06,0.04374075032580236,0.001996007984031936,pca_trans,4,100,10,0.1,3
134,tss,6725.945082353789,295640.7161040263,5765.8533918275125,0.9660678642714571,5417.02152490292,185396.69019629312,3613.325269264603,1.0,4521.1835129717565,131427.39215925167,1768.7956270653103,1.0,3923.018093306464,96887.48260731758,1498.787312092396,1.0,3474.4634900005544,76842.72111279203,1230.320329710009,1.0,pca_trans,4,100,10,0.1,3
135,hubers,5.544626164675143,0.022370925602971475,4.080557124297928,1.0,7.313686451749965,0.024669806773177583,5.338303107257147,1.0,8.178053454054378,0.027847466098121755,5.867060083381253,1.0,8.6823576127704,0.028482055394539157,6.043456164414559,1.0,9.006403185253962,0.030881795084970777,6.470681347577069,1.0,min_max,5,100,10,0.1,0.5
136,norm,0.07276504988480206,3.152986816398036e-05,0.0815936312007804,0.0658682634730539,0.0797636803119625,2.3347564878358938e-05,0.08436236554784793,0.18163672654690619,0.07688728535180904,1.8312266798866125e-05,0.07578712617165174,0.6087824351297405,0.07219070161377145,1.35806732776447e-05,0.07991949961880443,0.013972055888223553,0.06748077069345686,1.1371679905435074e-05,0.06572290741574086,0.6926147704590818,min_max,5,100,10,0.1,0.5
137,tss,4808.955805756815,38113.33613908675,2385.003989309199,1.0,4313.7785330525,36341.67737224722,2120.9367643665587,1.0,3960.2145458654204,34770.09110134509,1962.8633132552638,1.0,3684.26861638995,33020.16881140564,1821.55179384954,1.0,3459.492231397312,32587.78142982009,1707.1471217707592,1.0,min_max,5,100,10,0.1,0.5
138,hubers,3.9355762908692373,0.0086444727550739,4.080557124297928,0.001996007984031936,5.208156708802198,0.007340649099364118,5.338303107257147,0.001996007984031936,5.825558976219667,0.0057148503422762295,5.867060083381253,0.3652694610778443,6.1881903868695645,0.005536619964833982,6.043456164414559,0.9401197604790419,6.4216390973672075,0.0049849430439338075,6.470681347577069,0.2714570858283433,random_order,5,100,10,0.1,0.5
139,norm,0.07402508820742429,4.383017429623002e-05,0.0815936312007804,0.13972055888223553,0.08205943832723518,3.7994466567904993e-05,0.08436236554784793,0.3413173652694611,0.08006177787087763,3.769368903576634e-05,0.07578712617165174,0.7604790419161677,0.07580358982302876,2.9438273832068354e-05,0.07991949961880443,0.2155688622754491,0.07126373545725513,2.5392282062571996e-05,0.06572290741574086,0.8662674650698603,random_order,5,100,10,0.1,0.5
140,tss,2537.4328495548175,3039.4447405094434,2385.003989309199,0.9780439121756487,2298.776358992959,3210.449673749631,2120.9367643665587,0.9920159680638723,2124.1783645184405,3479.756976487238,1962.8633132552638,0.9800399201596807,1988.1646753515774,3606.7823142720817,1821.55179384954,0.9780439121756487,1877.1831878064884,3886.411521121433,1707.1471217707592,0.9720558882235529,random_order,5,100,10,0.1,0.5
141,hubers,3.9484993116984453,0.02940945538845068,4.080557124297928,0.20958083832335328,5.158580841927092,0.028772300171011782,5.338303107257147,0.1497005988023952,5.75062639704651,0.03181485616319495,5.867060083381253,0.25349301397205587,6.090742307044208,0.03212997295526394,6.043456164414559,0.6027944111776448,6.31029236737212,0.03543693093960472,6.470681347577069,0.20359281437125748,pca_trans,5,100,10,0.1,0.5
142,norm,0.08321611476417153,9.128185718236923e-05,0.0815936312007804,0.562874251497006,0.08345308159600456,6.56210876824509e-05,0.08436236554784793,0.47904191616766467,0.07804182222487974,5.029085388943584e-05,0.07578712617165174,0.6307385229540918,0.07201444741565173,3.8882504637445144e-05,0.07991949961880443,0.09780439121756487,0.06660340850786992,3.298598098399298e-05,0.06572290741574086,0.5508982035928144,pca_trans,5,100,10,0.1,0.5
143,tss,2244.0016093617764,14849.757177122843,2385.003989309199,0.12375249500998003,1982.16067092364,12066.500392991453,2120.9367643665587,0.10978043912175649,1798.5122971040723,10245.05153515579,1962.8633132552638,0.0658682634730539,1658.6744080592848,8987.066808715026,1821.55179384954,0.05788423153692615,1548.8208935138732,8165.996807697595,1707.1471217707592,0.05588822355289421,pca_trans,5,100,10,0.1,0.5
144,hubers,6.018576355787025,0.021851319541347582,4.37993717162243,1.0,7.926625679751923,0.029414342165281198,5.61507097598321,1.0,8.872576760034018,0.03143335451348831,6.40217462619125,1.0,9.417357561394196,0.03348095413224146,6.788243720726821,1.0,9.776733815191946,0.03613658929366514,7.0116821892619985,1.0,min_max,5,100,10,0.1,1
145,norm,0.06595894123667657,2.7610381528919018e-05,0.08578732685176893,0.001996007984031936,0.07206158692665272,1.8708769149966744e-05,0.0827878521802584,0.007984031936127744,0.07011459049446907,1.5245504994744252e-05,0.07980313062963121,0.00998003992015968,0.06603046240349829,1.2522412303765044e-05,0.07558524200188657,0.00998003992015968,0.06165833875258023,1.0725990851929998e-05,0.06835558343247727,0.033932135728542916,min_max,5,100,10,0.1,1
146,tss,5674.080630237868,55271.06129703289,2689.9986642733606,1.0,5102.058366803709,51068.909037575126,2383.0622843371384,1.0,4677.865388489801,48947.866401667634,2102.243821374682,1.0,4347.249835987435,48995.94783186531,1906.128506444946,1.0,4079.202559560948,47278.84381523125,1761.6691497958666,1.0,min_max,5,100,10,0.1,1
147,hubers,4.383395575350267,0.008462666554725447,4.37993717162243,0.6506986027944112,5.797737300740329,0.006325362258899665,5.61507097598321,0.9680638722554891,6.480166172456265,0.0052789702837961385,6.40217462619125,0.8483033932135728,6.8832497110590545,0.005411235514520391,6.788243720726821,0.8842315369261478,7.142992414328751,0.005473509446246324,7.0116821892619985,0.9201596806387226,random_order,5,100,10,0.1,1
148,norm,0.06757006197489855,3.265508159432695e-05,0.08578732685176893,0.005988023952095809,0.07559413078644953,3.3582574036254286e-05,0.0827878521802584,0.10978043912175649,0.07341759578315642,2.822180973953236e-05,0.07980313062963121,0.11976047904191617,0.06940389013578425,2.3818341635946795e-05,0.07558524200188657,0.0998003992015968,0.06538989970960013,2.1621618395511134e-05,0.06835558343247727,0.249500998003992,random_order,5,100,10,0.1,1
149,tss,3143.860101794379,3018.817332900228,2689.9986642733606,1.0,2850.2155308939077,3360.453558615027,2383.0622843371384,1.0,2638.2008765086057,3563.4859272625094,2102.243821374682,1.0,2470.597545893874,3594.059462572791,1906.128506444946,1.0,2332.8173222770765,3794.60128378327,1761.6691497958666,1.0,random_order,5,100,10,0.1,1
150,hubers,4.399403956031918,0.040679636162443106,4.37993717162243,0.5528942115768463,5.74764525022706,0.04212753067321775,5.61507097598321,0.7684630738522954,6.393482802380148,0.04494366538536916,6.40217462619125,0.46706586826347307,6.771483581314237,0.04718850834452645,6.788243720726821,0.4530938123752495,7.01475052668407,0.05022862545647244,7.0116821892619985,0.4930139720558882,pca_trans,5,100,10,0.1,1
151,norm,0.07478375509144186,6.903051981952535e-05,0.08578732685176893,0.10179640718562874,0.07555540515462181,5.2304850376858874e-05,0.0827878521802584,0.1596806387225549,0.0706505773140895,3.713720763197043e-05,0.07980313062963121,0.06986027944111776,0.06508163920445134,3.0317268825312784e-05,0.07558524200188657,0.033932135728542916,0.060093078476005125,2.6431304922642215e-05,0.06835558343247727,0.06387225548902195,pca_trans,5,100,10,0.1,1
152,tss,2753.398404882773,25388.704519726743,2689.9986642733606,0.656686626746507,2415.959176238097,18855.144112126753,2383.0622843371384,0.5888223552894212,2187.552776020549,15343.51474133541,2102.243821374682,0.7485029940119761,2016.0277590281914,13175.194647215712,1906.128506444946,0.8423153692614771,1878.4141333688708,11546.692973957779,1761.6691497958666,0.8762475049900199,pca_trans,5,100,10,0.1,1
153,hubers,8.873460136727585,0.054334221698380966,8.18853408623073,0.9940119760479041,11.583373558164698,0.062131166568009814,10.649457598233356,1.0,12.965395689085017,0.06998690628365398,11.740682108123861,1.0,13.75954009320112,0.07544189737448101,12.66198125244759,1.0,14.284039477436117,0.07455095708371992,12.813490828809599,1.0,min_max,5,100,10,0.1,3
154,norm,0.051285810324606225,2.0352486549644637e-05,0.0606147828810111,0.03792415169660679,0.05190540674109895,1.1490470545405547e-05,0.06502677540930617,0.001996007984031936,0.04910970399459913,8.352805589213753e-06,0.06436801931463047,0.001996007984031936,0.04577607969790781,6.564423614630192e-06,0.05748670084330567,0.001996007984031936,0.04251595656187848,5.199246342146524e-06,0.05298175353610498,0.001996007984031936,min_max,5,100,10,0.1,3
155,tss,11877.871868276176,221482.68062012282,6401.595782500922,1.0,10767.078051712051,208848.65677102047,4213.569901994365,1.0,9931.463579978545,197316.2847778186,2659.6522381381096,1.0,9269.699754365343,187334.47007375263,1698.5425088562406,1.0,8725.59372605699,185239.3694480859,1542.0800243820793,1.0,min_max,5,100,10,0.1,3
156,hubers,6.923379636682066,0.5531350479277911,8.18853408623073,0.001996007984031936,10.040393937527844,0.02733577546818905,10.649457598233356,0.001996007984031936,11.41446279964449,0.014894797311245088,11.740682108123861,0.001996007984031936,12.146479536064106,0.01181576661118461,12.66198125244759,0.001996007984031936,12.603067720740135,0.010340603566916297,12.813490828809599,0.001996007984031936,random_order,5,100,10,0.1,3
157,norm,0.050884622347593195,3.0030832647005247e-05,0.0606147828810111,0.04790419161676647,0.05578118486662621,1.317833634347685e-05,0.06502677540930617,0.005988023952095809,0.05232766073270766,1.0925194722082764e-05,0.06436801931463047,0.003992015968063872,0.048629717435286095,9.532834051498025e-06,0.05748670084330567,0.005988023952095809,0.045426747659863,8.706840137682577e-06,0.05298175353610498,0.015968063872255488,random_order,5,100,10,0.1,3
158,tss,9654.025982748599,12652.538858756914,6401.595782500922,1.0,8659.28526365172,16072.501950792031,4213.569901994365,1.0,7966.3696299897,18865.84984822657,2659.6522381381096,1.0,7437.44046082142,19515.394670309783,1698.5425088562406,1.0,7004.193629164848,19885.071141090288,1542.0800243820793,1.0,random_order,5,100,10,0.1,3
159,hubers,7.934248765354981,0.1777486297732241,8.18853408623073,0.2714570858283433,10.074343353553289,0.21547059245581887,10.649457598233356,0.11776447105788423,11.182493909597477,0.21266054475312254,11.740682108123861,0.12574850299401197,11.796091476009893,0.22653065732689862,12.66198125244759,0.04790419161676647,12.173336628622817,0.22839189604830615,12.813490828809599,0.0998003992015968,pca_trans,5,100,10,0.1,3
160,norm,0.04115324788300048,2.0379440817870107e-05,0.0606147828810111,0.001996007984031936,0.04024081200764951,1.4986667172629751e-05,0.06502677540930617,0.001996007984031936,0.036518488466205715,1.1983181086352216e-05,0.06436801931463047,0.001996007984031936,0.03304115935285425,9.747177589618975e-06,0.05748670084330567,0.001996007984031936,0.030214020596916354,7.480572998815739e-06,0.05298175353610498,0.001996007984031936,pca_trans,5,100,10,0.1,3
161,tss,7181.156197826313,249038.95263512453,6401.595782500922,0.93812375249501,5991.161547559398,171869.87192045816,4213.569901994365,1.0,5170.6251913788155,129357.98293462694,2659.6522381381096,1.0,4598.5360147996935,101619.88611299559,1698.5425088562406,1.0,4168.220015269997,83975.81210424003,1542.0800243820793,1.0,pca_trans,5,100,10,0.1,3
162,hubers,5.225224570331479,0.022646538512847356,3.653515935874978,1.0,6.741221832054471,0.02560592403807101,4.3270896127139835,1.0,7.542118944977619,0.02398490126584432,5.040416949039415,1.0,7.989647414676401,0.024195705568513047,5.384743755447296,1.0,8.279604858305808,0.025968122934633266,5.586196378754232,1.0,min_max,2,100,10,0.5,0.5
163,norm,0.09645213678083363,5.7641262548745005e-05,0.08228392475679419,0.9680638722554891,0.09176649594168697,3.0301864320915383e-05,0.09006077768903915,0.6227544910179641,0.08468380722742645,1.859847885480297e-05,0.07973490366894143,0.8662674650698603,0.07754516514667663,1.562189966450227e-05,0.06913432853058515,0.9880239520958084,0.07127586174294359,1.3159055219798956e-05,0.06378871278917575,0.9880239520958084,min_max,2,100,10,0.5,0.5
164,tss,3755.362330505106,15762.206983488419,1408.0870209073064,1.0,3369.3764106067606,12717.86057412932,1088.7960008953592,1.0,3076.767897407547,10993.607692564647,867.8011107058317,1.0,2853.036035932173,10188.2392393743,703.7948619659371,1.0,2670.23034993917,9186.378740640454,580.369644513311,1.0,min_max,2,100,10,0.5,0.5
165,hubers,3.3722240334464115,0.018966621529362147,3.653515935874978,0.001996007984031936,4.453855322315581,0.010573275470593807,4.3270896127139835,0.8862275449101796,5.03453654539019,0.004455327166076697,5.040416949039415,0.5209580838323353,5.356872696564405,0.0032030642139321518,5.384743755447296,0.3213572854291417,5.556483292902197,0.003504359275829761,5.586196378754232,0.3333333333333333,random_order,2,100,10,0.5,0.5
166,norm,0.0801019780846523,8.855998624638228e-05,0.08228392475679419,0.3652694610778443,0.09396126970406837,7.319783508582238e-05,0.09006077768903915,0.6606786427145709,0.09079270619919629,4.976850876236815e-05,0.07973490366894143,0.93812375249501,0.0847741806169933,4.441939537149177e-05,0.06913432853058515,0.9920159680638723,0.07926138936437267,3.9429912980601525e-05,0.06378871278917575,0.998003992015968,random_order,2,100,10,0.5,0.5
167,tss,1884.5752631951882,855.6948800983768,1408.0870209073064,1.0,1671.418412839823,949.0361756323241,1088.7960008953592,1.0,1520.4868163391593,958.3154482707498,867.8011107058317,1.0,1410.1438119456982,951.7620504466774,703.7948619659371,1.0,1323.3810998587069,985.7527717146256,580.369644513311,1.0,random_order,2,100,10,0.5,0.5
168,hubers,3.605317833395946,0.048202549717014376,3.653515935874978,0.4251497005988024,4.6408951168323975,0.054377214880706404,4.3270896127139835,0.9101796407185628,5.107895919289607,0.06327038098483947,5.040416949039415,0.5968063872255489,5.3668457880493845,0.06686732069072948,5.384743755447296,0.4870259481037924,5.533046731743016,0.07121030112580107,5.586196378754232,0.42115768463073855,pca_trans,2,100,10,0.5,0.5
169,norm,0.0788315001824702,7.638427588637689e-05,0.08228392475679419,0.3273453093812375,0.07980993299357814,6.126633671600948e-05,0.09006077768903915,0.08582834331337326,0.07489894609653866,4.570866228199382e-05,0.07973490366894143,0.2275449101796407,0.06927395414488677,3.6315926446116465e-05,0.06913432853058515,0.5189620758483033,0.06370302074805724,3.4517438110058155e-05,0.06378871278917575,0.47305389221556887,pca_trans,2,100,10,0.5,0.5
170,tss,1456.9406171105486,18738.689976490587,1408.0870209073064,0.6227544910179641,1130.3251338472926,11802.61877764231,1088.7960008953592,0.6387225548902196,930.0528413527721,7715.076808743684,867.8011107058317,0.7664670658682635,793.9200648144232,5794.881737504478,703.7948619659371,0.8902195608782435,692.7584090436187,4625.495914824524,580.369644513311,0.9660678642714571,pca_trans,2,100,10,0.5,0.5
171,hubers,5.792716321000895,0.022932555249729206,4.575578772856924,1.0,7.524559147193033,0.028830994822950876,5.550195157905074,1.0,8.4144405702108,0.028065605584428808,6.3157084372515016,1.0,8.915900613169832,0.027329748458933517,6.586919060917175,1.0,9.246114249420229,0.02807620070372056,6.750253971141839,1.0,min_max,2,100,10,0.5,1
172,norm,0.08210620877434054,4.249221945262431e-05,0.08112596102439142,0.564870259481038,0.0821115383467201,2.1946677678434917e-05,0.08559832462083455,0.2215568862275449,0.07686270757189248,1.5419021472765493e-05,0.07441652612866918,0.7445109780439122,0.07088133573893814,1.2091491694041328e-05,0.06728026829696412,0.8423153692614771,0.06512318721328261,1.0651824056624775e-05,0.06209435873965066,0.8303393213572854,min_max,2,100,10,0.5,1
173,tss,4768.782476623568,25621.414671530347,1872.4316989759252,1.0,4247.503643066383,19821.46181289536,1378.473081244158,1.0,3867.096499850341,17102.9133807078,994.8411099616798,1.0,3577.24791966563,14989.418548419864,812.9677509506134,1.0,3346.684481596749,13543.57975525229,682.6706328720591,1.0,min_max,2,100,10,0.5,1
174,hubers,3.973386834452909,0.027374527135802563,4.575578772856924,0.001996007984031936,5.421217945919008,0.007318456984925851,5.550195157905074,0.003992015968063872,6.06388455029035,0.004056631605020082,6.3157084372515016,0.001996007984031936,6.410510206188292,0.0038513487907499153,6.586919060917175,0.001996007984031936,6.643429781248,0.003087827652135628,6.750253971141839,0.007984031936127744,random_order,2,100,10,0.5,1
175,norm,0.08281973969878594,5.359124562663525e-05,0.08112596102439142,0.5808383233532934,0.09072554950172057,4.459381810711123e-05,0.08559832462083455,0.8003992015968064,0.08684732352144531,3.6811594163162515e-05,0.07441652612866918,0.9840319361277445,0.08016281109809276,3.134573781684139e-05,0.06728026829696412,0.9920159680638723,0.07367735044163493,2.678374206462835e-05,0.06209435873965066,0.9920159680638723,random_order,2,100,10,0.5,1
176,tss,2601.397165019166,776.9695400994476,1872.4316989759252,1.0,2267.5916293429837,1000.0432210478338,1378.473081244158,1.0,2042.2774443792587,1114.2134781371956,994.8411099616798,1.0,1897.2600706219066,1037.663715125714,812.9677509506134,1.0,1783.099428263966,1014.5795924586253,682.6706328720591,1.0,random_order,2,100,10,0.5,1
177,hubers,4.343757004848043,0.05845236622114537,4.575578772856924,0.1656686626746507,5.509988550541507,0.07401388119971788,5.550195157905074,0.4491017964071856,6.07526021628212,0.08650674060706937,6.3157084372515016,0.21756487025948104,6.386109517929056,0.0882724433582882,6.586919060917175,0.249500998003992,6.5818556975718545,0.09231964653701527,6.750253971141839,0.29141716566866266,pca_trans,2,100,10,0.5,1
178,norm,0.06787150654774098,5.597253667326347e-05,0.08112596102439142,0.03992015968063872,0.06685604757493398,4.137387914347036e-05,0.08559832462083455,0.001996007984031936,0.061925101716555374,3.2919170299347e-05,0.07441652612866918,0.01996007984031936,0.056552430674267656,2.3830574166205825e-05,0.06728026829696412,0.021956087824351298,0.05181303431650078,2.0165352353651198e-05,0.06209435873965066,0.021956087824351298,pca_trans,2,100,10,0.5,1
179,tss,1982.5858280200139,32891.33443247947,1872.4316989759252,0.7285429141716567,1569.2275367943275,21000.49248171074,1378.473081244158,0.9101796407185628,1286.7818825836166,14604.88480071838,994.8411099616798,0.9920159680638723,1097.5671768058492,11229.36088966506,812.9677509506134,1.0,957.9320424541954,8893.511760637424,682.6706328720591,1.0,pca_trans,2,100,10,0.5,1
180,hubers,8.550286933246575,0.05533760697756415,11.075152858917539,0.001996007984031936,11.190694896307107,0.07142281879627625,11.90549246048907,0.007984031936127744,12.481502216863284,0.0743144303386868,12.581568879480905,0.3652694610778443,13.206824536578841,0.07692171031529836,12.706595159905698,0.9680638722554891,13.672801505874446,0.08067453470577766,12.822829718483847,0.998003992015968,min_max,2,100,10,0.5,3
181,norm,0.05005181355820805,1.3717117540075132e-05,0.051976934060479194,0.3013972055888224,0.053460616354392594,9.020801252021875e-06,0.04240863890612873,1.0,0.05097323159415188,7.0793293980316725e-06,0.030525019576483497,1.0,0.04715361315221597,5.203275914628108e-06,0.02712628529269398,1.0,0.04341934803059004,4.549616442459108e-06,0.024229776611560012,1.0,min_max,2,100,10,0.5,3
182,tss,10316.420158282848,141559.00402668936,1317.7895597736638,1.0,8891.154656114955,101634.75267694968,837.0596729865629,1.0,7906.179834338099,81476.07610216999,513.2048424198357,1.0,7210.616274414641,70471.38530353681,431.8668821605378,1.0,6676.439820382174,63650.98903544678,361.01584143282554,1.0,min_max,2,100,10,0.5,3
183,hubers,8.834401519855062,0.01090454956715328,11.075152858917539,0.001996007984031936,10.990545452833784,0.042766604591138686,11.90549246048907,0.001996007984031936,12.769701659746177,0.02857732849996952,12.581568879480905,0.7924151696606786,13.29464031691971,0.03209489670420666,12.706595159905698,1.0,13.748285604746805,0.039234536029342675,12.822829718483847,1.0,random_order,2,100,10,0.5,3
184,norm,0.061972640193664164,2.502377483510877e-06,0.051976934060479194,1.0,0.06556284857203581,4.747306023253365e-06,0.04240863890612873,1.0,0.06483483822022,2.5878787824219322e-06,0.030525019576483497,1.0,0.060517364434688574,3.0400431075022925e-06,0.02712628529269398,1.0,0.055630663277910095,4.230007124700741e-06,0.024229776611560012,1.0,random_order,2,100,10,0.5,3
185,tss,9720.645952269566,131561.21656064867,1317.7895597736638,1.0,8101.639240552945,135584.32698329823,837.0596729865629,1.0,6722.5197632035915,130661.09801704445,513.2048424198357,1.0,6006.168400450224,129442.00682606843,431.8668821605378,1.0,5400.344929719656,128358.79384115234,361.01584143282554,1.0,random_order,2,100,10,0.5,3
186,hubers,9.066743896308136,0.3617494345311292,11.075152858917539,0.001996007984031936,11.034398005103547,0.4899523044944634,11.90549246048907,0.0998003992015968,11.82541452341125,0.5221959076463311,12.581568879480905,0.12974051896207583,12.267779334980458,0.5203791358611629,12.706595159905698,0.2834331337325349,12.543051647593646,0.506914283738557,12.822829718483847,0.36127744510978044,pca_trans,2,100,10,0.5,3
187,norm,0.03132755127212733,1.546959858358636e-05,0.051976934060479194,0.001996007984031936,0.032055737142324986,9.398122577812831e-06,0.04240863890612873,0.005988023952095809,0.028810770250552523,6.991460376032207e-06,0.030525019576483497,0.2315369261477046,0.025177277970606027,4.721414008305487e-06,0.02712628529269398,0.17964071856287425,0.02208655127532725,3.909069308345442e-06,0.024229776611560012,0.1437125748502994,pca_trans,2,100,10,0.5,3
188,tss,5058.398315696832,438539.0003379302,1317.7895597736638,1.0,2903.4779907317134,170092.78892989754,837.0596729865629,1.0,2016.1266317988457,107622.88305290893,513.2048424198357,1.0,1549.9917179941806,92588.71172462516,431.8668821605378,1.0,1257.1276042446586,81862.18866375372,361.01584143282554,1.0,pca_trans,2,100,10,0.5,3
189,hubers,5.600248046609972,0.018917692556650628,3.740183995442361,1.0,7.333540149225752,0.02431538804090869,4.5925323794380555,1.0,8.200225732289413,0.02458582083533244,5.303520271704367,1.0,8.700839724938861,0.026880156657918812,5.54384688740286,1.0,9.021878095066604,0.02657547398039652,5.728126380918953,1.0,min_max,4,100,10,0.5,0.5
190,norm,0.07784987921758907,4.1455109823479475e-05,0.07022401237414809,0.8922155688622755,0.08127102615683103,2.3278262325210754e-05,0.08002293148897575,0.6367265469061876,0.07748239040180765,1.649890070927572e-05,0.07232027187705313,0.908183632734531,0.07212647424127108,1.4002196681044632e-05,0.0667218482648982,0.9301397205588823,0.0670266995410187,1.1902759106572444e-05,0.05965035302773498,0.998003992015968,min_max,4,100,10,0.5,0.5
191,tss,4706.786835031485,32684.49795525461,1680.5734013656959,1.0,4212.734761353481,29024.964231763013,1350.9003737072671,1.0,3852.57782186553,27689.842406337357,1103.4209388296892,1.0,3574.2375938777627,26146.97826192901,972.8983194298603,1.0,3350.0642972965343,24950.11253680077,872.4256537093586,1.0,min_max,4,100,10,0.5,0.5
192,hubers,3.544154231863679,0.012841931602334175,3.740183995442361,0.001996007984031936,4.6940782684275275,0.009825313678736578,4.5925323794380555,0.8782435129740519,5.253857782494138,0.007483099311265695,5.303520271704367,0.3393213572854291,5.574811041775117,0.007930145731545582,5.54384688740286,0.5768463073852296,5.7825161432684276,0.006916854797688337,5.728126380918953,0.7045908183632734,random_order,4,100,10,0.5,0.5
193,norm,0.0785142362236293,6.22850706212929e-05,0.07022401237414809,0.8582834331337326,0.08814554218751729,5.8552043716552606e-05,0.08002293148897575,0.8383233532934131,0.08402887787901411,4.5792587969584226e-05,0.07232027187705313,0.9620758483033932,0.07872104981659336,4.574850276794803e-05,0.0667218482648982,0.9720558882235529,0.07357669672091441,3.750866382183013e-05,0.05965035302773498,0.9940119760479041,random_order,4,100,10,0.5,0.5
194,tss,2043.9570214073642,4347.6877346685715,1680.5734013656959,1.0,1827.8045688760724,4421.243607585409,1350.9003737072671,1.0,1686.6054884172638,4705.377953339903,1103.4209388296892,1.0,1577.6766390854211,4780.433570924217,972.8983194298603,1.0,1488.8388596050543,4870.7827925993115,872.4256537093586,1.0,random_order,4,100,10,0.5,0.5
195,hubers,3.704919933497111,0.03501433571022246,3.740183995442361,0.405189620758483,4.792111485619471,0.042821018805708516,4.5925323794380555,0.844311377245509,5.2981668270828,0.04814122452897364,5.303520271704367,0.48502994011976047,5.59213189794299,0.04992549158704864,5.54384688740286,0.5728542914171657,5.775587381948846,0.052613708046330955,5.728126380918953,0.5748502994011976,pca_trans,4,100,10,0.5,0.5
196,norm,0.08010965612163491,6.97874264231026e-05,0.07022401237414809,0.8782435129740519,0.08094791345872641,5.906199146493514e-05,0.08002293148897575,0.5089820359281437,0.07596393440758993,4.6942114825117234e-05,0.07232027187705313,0.6946107784431138,0.06957846371084267,3.7329923577154236e-05,0.0667218482648982,0.656686626746507,0.0642009221135556,3.011158377162253e-05,0.05965035302773498,0.7944111776447106,pca_trans,4,100,10,0.5,0.5
197,tss,1694.4086919227286,16027.01495719165,1680.5734013656959,0.5548902195608783,1389.3415602256173,11277.661058665697,1350.9003737072671,0.6287425149700598,1194.5588179946099,8409.818942950054,1103.4209388296892,0.8383233532934131,1055.078668907519,6839.038717312841,972.8983194298603,0.8522954091816367,948.1868593856159,5591.205416451079,872.4256537093586,0.8522954091816367,pca_trans,4,100,10,0.5,0.5
198,hubers,6.114401191942048,0.026251688368938594,4.407453399716713,1.0,8.071123781328843,0.029255940624847866,5.672233801410916,1.0,9.026902062759346,0.02993005414988489,6.192801936197039,1.0,9.57205421103073,0.03309974933741428,6.56924337989461,1.0,9.92919624021121,0.03680687247085218,6.754099446491982,1.0,min_max,4,100,10,0.5,1
199,norm,0.06565480270622949,2.4896884810446066e-05,0.0711080968102149,0.14171656686626746,0.07196180368425173,2.0665094329869605e-05,0.07802195467769714,0.09381237524950099,0.06957677435192082,1.712886057235659e-05,0.07525413624576387,0.08982035928143713,0.06531260440535717,1.4044432018462182e-05,0.06723091302499,0.2954091816367265,0.06110126241472005,1.114792818740408e-05,0.060267146226248534,0.5788423153692615,min_max,4,100,10,0.5,1
200,tss,5808.3532834317575,54079.0341947331,2191.736233163987,1.0,5183.76515576668,49250.02677443452,1691.4122175757986,1.0,4731.772612928563,47191.98991995141,1372.6158451314022,1.0,4388.24335263014,45175.28031291076,1199.7532360755883,1.0,4109.0011425625335,43242.812738760374,1073.5431664935109,1.0,min_max,4,100,10,0.5,1
201,hubers,4.145699577249538,0.009520617119034333,4.407453399716713,0.001996007984031936,5.449514677333832,0.010424889914995553,5.672233801410916,0.007984031936127744,6.094903885196253,0.006577222501582465,6.192801936197039,0.06786427145708583,6.469051411252162,0.005878539998178795,6.56924337989461,0.06187624750499002,6.71539886895603,0.005138095925503009,6.754099446491982,0.21357285429141717,random_order,4,100,10,0.5,1
202,norm,0.07763908354230045,3.979083131685174e-05,0.0711080968102149,0.8542914171656687,0.08405233668732778,4.191663720098598e-05,0.07802195467769714,0.8243512974051896,0.0793066186352499,3.580638972414965e-05,0.07525413624576387,0.7564870259481038,0.07381530447010098,3.1985657938790864e-05,0.06723091302499,0.8882235528942116,0.06840520017089588,2.5018237971462387e-05,0.060267146226248534,0.9560878243512974,random_order,4,100,10,0.5,1
203,tss,2689.8210833213648,2740.871773578957,2191.736233163987,1.0,2401.0119534627934,3056.651681053241,1691.4122175757986,1.0,2209.5039115157983,3177.4511015682892,1372.6158451314022,1.0,2061.7394410504294,3328.018196449472,1199.7532360755883,1.0,1940.1484870725537,3257.722605488524,1073.5431664935109,1.0,random_order,4,100,10,0.5,1
204,hubers,4.3747694856428305,0.05397719286868938,4.407453399716713,0.4530938123752495,5.603129402417733,0.06024019387959166,5.672233801410916,0.3932135728542914,6.19819352190141,0.06726136463106552,6.192801936197039,0.48902195608782434,6.534961450343748,0.07198914520242364,6.56924337989461,0.44510978043912175,6.744870402411187,0.07437215320168199,6.754099446491982,0.500998003992016,pca_trans,4,100,10,0.5,1
205,norm,0.06975138039116024,6.155468627526146e-05,0.0711080968102149,0.4431137724550898,0.0691158653314954,4.706420638075702e-05,0.07802195467769714,0.08383233532934131,0.06442063537519928,3.2391598531156314e-05,0.07525413624576387,0.041916167664670656,0.05883343941511049,2.6604367085443505e-05,0.06723091302499,0.06187624750499002,0.05397638333967033,2.2166355301040705e-05,0.060267146226248534,0.10379241516966067,pca_trans,4,100,10,0.5,1
206,tss,2243.959125768338,31128.900078986855,2191.736233163987,0.5888223552894212,1839.6250577331166,20474.62203480296,1691.4122175757986,0.8622754491017964,1568.2728954994595,14875.68779247398,1372.6158451314022,0.9620758483033932,1381.531729593685,11494.88509619173,1199.7532360755883,0.9700598802395209,1241.613145279488,9656.17449235484,1073.5431664935109,0.9660678642714571,pca_trans,4,100,10,0.5,1
207,hubers,9.115878540697615,0.04763066967287453,9.33025604362767,0.14770459081836326,11.950598775860762,0.061530240361542914,11.310446761270025,0.9900199600798403,13.340056956209413,0.06180360716086467,13.04904871534268,0.874251497005988,14.150444829775187,0.06393015087710438,13.280233445936371,1.0,14.672236966597799,0.0666331942379066,13.466213773434157,1.0,min_max,4,100,10,0.5,3
208,norm,0.047240524125730605,1.4620326575423409e-05,0.05264417218570879,0.08183632734530938,0.050471102724373156,9.435767633839486e-06,0.05678152948283891,0.02594810379241517,0.04792070743142045,7.5051531746875065e-06,0.05525866909057825,0.007984031936127744,0.04427418991086715,6.4673458728203085e-06,0.04988988023428471,0.021956087824351298,0.04098391075165738,4.761488190611003e-06,0.044259447371977984,0.08183632734530938,min_max,4,100,10,0.5,3
209,tss,12389.484475085525,156451.71825562825,6343.837283784851,1.0,10979.364355639667,137995.90601519193,3619.222305786012,1.0,10020.177223114464,121124.46979849812,1516.8986404271618,1.0,9293.93735369708,112576.88016800716,1287.1069702405964,1.0,8704.583693903085,101336.19584192075,1095.1580875603495,1.0,min_max,4,100,10,0.5,3
210,hubers,8.386658389453537,0.0008192983141865686,9.33025604362767,0.001996007984031936,10.435642289987848,0.03404545468315547,11.310446761270025,0.001996007984031936,11.88804161511768,0.028590046316776908,13.04904871534268,0.001996007984031936,12.585483773385564,0.01370708522897807,13.280233445936371,0.001996007984031936,13.079952239623047,0.007735333641947494,13.466213773434157,0.001996007984031936,random_order,4,100,10,0.5,3
211,norm,0.0664048947914147,6.010525021309623e-06,0.05264417218570879,1.0,0.06250977676504177,1.4158580165345606e-05,0.05678152948283891,0.9341317365269461,0.05609198245129333,9.937243639004225e-06,0.05525866909057825,0.592814371257485,0.05131168448448003,8.677860340949632e-06,0.04988988023428471,0.6646706586826348,0.046988973712345616,5.814072588908433e-06,0.044259447371977984,0.8782435129740519,random_order,4,100,10,0.5,3
212,tss,9338.273564930554,5228.52814238353,6343.837283784851,1.0,8482.233129563396,8506.019467836993,3619.222305786012,1.0,7785.06269282361,11826.43130515172,1516.8986404271618,1.0,7243.475576036021,13709.535143396295,1287.1069702405964,1.0,6789.9770665394535,15890.770188917446,1095.1580875603495,1.0,random_order,4,100,10,0.5,3
213,hubers,8.468678260146726,0.24123291909237354,9.33025604362767,0.05389221556886228,10.716320057052886,0.2905058921230673,11.310446761270025,0.1536926147704591,11.84015287081679,0.3290839670607201,13.04904871534268,0.017964071856287425,12.460521472473891,0.34906718457603086,13.280233445936371,0.08982035928143713,12.84096536576547,0.3582914018807757,13.466213773434157,0.16167664670658682,pca_trans,4,100,10,0.5,3
214,norm,0.03460119759768578,1.4007460789543649e-05,0.05264417218570879,0.001996007984031936,0.0340210930115589,9.59196241249161e-06,0.05678152948283891,0.001996007984031936,0.031523847068961657,7.938081936864013e-06,0.05525866909057825,0.001996007984031936,0.028827183508015865,6.40219004688102e-06,0.04988988023428471,0.001996007984031936,0.026614293788831823,5.217469223352035e-06,0.044259447371977984,0.001996007984031936,pca_trans,4,100,10,0.5,3
215,tss,7603.1158077026475,472878.91271635675,6343.837283784851,0.9780439121756487,6079.214874728908,313302.4267160461,3619.222305786012,1.0,5002.512144149473,216151.96616670993,1516.8986404271618,1.0,4257.108047375969,158315.02128377254,1287.1069702405964,1.0,3711.5023486556374,126704.18852165638,1095.1580875603495,1.0,pca_trans,4,100,10,0.5,3
216,hubers,6.276659074481322,0.028048864808748575,3.3333300968266752,1.0,8.202200315848588,0.03168816019475123,4.459224443185194,1.0,9.142409760428585,0.035976277163051365,5.205957894424926,1.0,9.658416588391995,0.03535186327008844,5.449786359881235,1.0,10.006908691984085,0.03622001287594385,5.510158291110915,1.0,min_max,5,100,10,0.5,0.5
217,norm,0.07410287853274175,2.9550908457398202e-05,0.07788329156704898,0.2315369261477046,0.0785453537185547,1.900011109469712e-05,0.08560358212722341,0.05389221556886228,0.07295514988856093,1.362912812524035e-05,0.061911537712462134,0.9960079840319361,0.06628919281482314,1.1641947413293722e-05,0.06012659146987636,0.9760479041916168,0.060465667976717326,9.84855712288523e-06,0.06336032135218143,0.17964071856287425,min_max,5,100,10,0.5,0.5
218,tss,5569.614819016162,34721.08673821233,1609.3793443071327,1.0,4826.364907607425,26373.829979839677,1260.8701132758292,1.0,4374.48018487685,21812.39310101307,1092.6399769452337,1.0,4059.7070317487724,19314.002219771526,981.6917494803611,1.0,3807.2498348832505,17311.493349604458,876.1880605432293,1.0,min_max,5,100,10,0.5,0.5
219,hubers,3.3619972706625063,0.03221868121240658,3.3333300968266752,0.6906187624750499,4.502833542007562,0.014305579470146799,4.459224443185194,0.6826347305389222,5.0504405825325644,0.010720488195343342,5.205957894424926,0.06986027944111776,5.3961036392082935,0.008778193109963908,5.449786359881235,0.23952095808383234,5.604796138086554,0.0073714115394620736,5.510158291110915,0.8922155688622755,random_order,5,100,10,0.5,0.5
220,norm,0.06939512724490529,8.264306578604342e-05,0.07788329156704898,0.19161676646706588,0.08017922143846673,7.021271433503864e-05,0.08560358212722341,0.23952095808383234,0.07971805233861812,6.519007683091002e-05,0.061911537712462134,0.9940119760479041,0.07340439476282085,4.996219800683545e-05,0.06012659146987636,0.9820359281437125,0.0679513893797689,3.962005194764773e-05,0.06336032135218143,0.7524950099800399,random_order,5,100,10,0.5,0.5
221,tss,1957.1809877268784,2467.2633985461193,1609.3793443071327,1.0,1744.5168674247539,2615.9585106467903,1260.8701132758292,1.0,1589.6121598423254,2797.3949674726146,1092.6399769452337,1.0,1478.404645645023,2953.449958701013,981.6917494803611,1.0,1392.5423718789937,3079.7545375331592,876.1880605432293,1.0,random_order,5,100,10,0.5,0.5
222,hubers,3.72295143434022,0.041399927388050956,3.3333300968266752,0.9780439121756487,4.767306588763431,0.053609555203959394,4.459224443185194,0.908183632734531,5.268290712511875,0.058838507961216584,5.205957894424926,0.5988023952095808,5.548482977793416,0.060167350038105395,5.449786359881235,0.6407185628742516,5.722446152889497,0.06237348054705848,5.510158291110915,0.7864271457085829,pca_trans,5,100,10,0.5,0.5
223,norm,0.08193933280839127,8.593091768025615e-05,0.07788329156704898,0.6606786427145709,0.08121708609692797,6.164858270198689e-05,0.08560358212722341,0.28542914171656686,0.07575232464950646,4.6440158060503565e-05,0.061911537712462134,0.9880239520958084,0.06923583100318274,3.7044453985355385e-05,0.06012659146987636,0.9401197604790419,0.06366403374802158,2.92207766841142e-05,0.06336032135218143,0.4870259481037924,pca_trans,5,100,10,0.5,0.5
224,tss,1598.9974043049585,17201.89498382681,1609.3793443071327,0.47904191616766467,1297.0047061815485,11161.656784443901,1260.8701132758292,0.6067864271457086,1099.0567699027224,8363.72876930225,1092.6399769452337,0.5329341317365269,965.6391357525372,6946.348165310807,981.6917494803611,0.44510978043912175,864.8182511872303,5862.573757966653,876.1880605432293,0.4590818363273453,pca_trans,5,100,10,0.5,0.5
225,hubers,6.770902238996072,0.029609076259211803,3.5924999574556193,1.0,8.86805639145882,0.04158150526790283,5.4703887682397125,1.0,9.892355053435509,0.038828494953322176,6.094353250750377,1.0,10.46935499786138,0.038447449135024986,6.375471011262652,1.0,10.851497240046704,0.038733223632544805,6.489573179811787,1.0,min_max,5,100,10,0.5,1
226,norm,0.066093223979999,2.1234945845208928e-05,0.07646459862744452,0.015968063872255488,0.07107640868912997,1.8056143863252126e-05,0.06836730212406243,0.7345309381237525,0.06661614243840493,1.382323148164331e-05,0.06326223607975512,0.8323353293413174,0.06108651802218507,1.087110253708706e-05,0.057363112397353276,0.874251497005988,0.056153694573384635,8.937051642768786e-06,0.058274046667517086,0.2375249500998004,min_max,5,100,10,0.5,1
227,tss,6647.890169873225,49984.17495906936,2144.1105046354423,1.0,5796.12863692763,39975.33459661476,1697.4618495160196,1.0,5260.680362953099,33306.0537167409,1405.9923272938413,1.0,4870.567868955301,29053.40849612252,1258.49321199647,1.0,4555.60132773061,26616.656230545366,1128.8941832324647,1.0,min_max,5,100,10,0.5,1
228,hubers,3.8661717449085216,0.04810968378213915,3.5924999574556193,0.874251497005988,5.176949620663368,0.020763836642420375,5.4703887682397125,0.001996007984031936,5.864319038026586,0.014506622479126591,6.094353250750377,0.00998003992015968,6.261362406258149,0.011169128366655127,6.375471011262652,0.17365269461077845,6.4952253287693145,0.010699334319925051,6.489573179811787,0.469061876247505,random_order,5,100,10,0.5,1
229,norm,0.06715097801110397,7.440222519501774e-05,0.07646459862744452,0.15169660678642716,0.07875067017908145,5.647488916232423e-05,0.06836730212406243,0.93812375249501,0.07624876549293853,5.332077501868583e-05,0.06326223607975512,0.9660678642714571,0.06984768677907656,3.654533221544051e-05,0.057363112397353276,0.9800399201596807,0.06479385218612253,2.6948855941964188e-05,0.058274046667517086,0.8902195608782435,random_order,5,100,10,0.5,1
230,tss,2605.6257240342898,5696.457221117425,2144.1105046354423,1.0,2315.1337827187035,5927.732039862842,1697.4618495160196,1.0,2106.0140761612283,6072.763514637732,1405.9923272938413,1.0,1958.3868434615838,6231.705867717558,1258.49321199647,1.0,1844.224117776137,6261.157412775794,1128.8941832324647,1.0,random_order,5,100,10,0.5,1
231,hubers,4.237898576214553,0.055344528212557156,3.5924999574556193,0.9900199600798403,5.478149544510891,0.06275506493024732,5.4703887682397125,0.499001996007984,6.060313211826521,0.07143426357953696,6.094353250750377,0.47704590818363274,6.390143743939914,0.07604526519085472,6.375471011262652,0.5269461077844312,6.594998884886357,0.07755747223925648,6.489573179811787,0.6367265469061876,pca_trans,5,100,10,0.5,1
232,norm,0.07021122706600882,6.30658409199601e-05,0.07646459862744452,0.22554890219560877,0.07033996860253171,4.4829006390010666e-05,0.06836730212406243,0.624750499001996,0.06580608364718919,3.086849552364503e-05,0.06326223607975512,0.6606786427145709,0.06054046912515829,2.635692273812976e-05,0.057363112397353276,0.7305389221556886,0.056128578079597154,2.2539752158185876e-05,0.058274046667517086,0.3093812375249501,pca_trans,5,100,10,0.5,1
233,tss,2176.0778141827523,31659.366226966715,2144.1105046354423,0.5588822355289421,1778.687762246625,20849.902432991177,1697.4618495160196,0.7025948103792415,1514.9790415998045,15411.57377204366,1405.9923272938413,0.8063872255489022,1326.4728820021505,12069.606590374859,1258.49321199647,0.7305389221556886,1187.3806717703133,10061.231174663637,1128.8941832324647,0.7145708582834331,pca_trans,5,100,10,0.5,1
234,hubers,9.211893234463917,0.0468785698365388,8.175988440804003,1.0,12.108911642567652,0.060176977036949235,10.5504897335761,1.0,13.532245577904305,0.06813484469126355,11.60793681778581,1.0,14.345369921235692,0.06508532668096687,12.322324158759796,1.0,14.877309720156685,0.06618345711690994,12.468304352417906,1.0,min_max,5,100,10,0.5,3
235,norm,0.04507342440265532,1.0556100568635588e-05,0.050681053622171734,0.05389221556886228,0.04898142844074834,8.983982514976508e-06,0.056824675653248884,0.011976047904191617,0.04708275775677302,6.6039676285178985e-06,0.05780195222089651,0.001996007984031936,0.04383716207332692,5.737652396953907e-06,0.05025566444462666,0.005988023952095809,0.040628292530574414,4.732527332662155e-06,0.04673395863509629,0.003992015968063872,min_max,5,100,10,0.5,3
236,tss,12841.566855387804,164198.62117549925,6097.151318258202,1.0,11374.465744596579,135033.2051524065,3726.402258542509,1.0,10344.85916538966,109503.59082363787,2045.8050726768595,1.0,9581.814345424033,99503.86566400967,1240.3691669854302,1.0,8971.94372769943,94306.72654814157,1004.0944695916775,1.0,min_max,5,100,10,0.5,3
237,hubers,7.336755185918366,0.08020916447464356,8.175988440804003,0.001996007984031936,9.912826721954644,0.01573362388310215,10.5504897335761,0.001996007984031936,11.084070668933746,0.011638370348011122,11.60793681778581,0.001996007984031936,11.775043411216513,0.007181264300803339,12.322324158759796,0.001996007984031936,12.21024412945738,0.0060161528489718384,12.468304352417906,0.005988023952095809,random_order,5,100,10,0.5,3
238,norm,0.04860041172999506,1.2922642061654487e-05,0.050681053622171734,0.27345309381237526,0.05343172674945043,1.0739332391877799e-05,0.056824675653248884,0.15169660678642716,0.051482008759945075,9.909502449267477e-06,0.05780195222089651,0.029940119760479042,0.04814378321605396,8.686152679130536e-06,0.05025566444462666,0.20958083832335328,0.04520702048605884,6.8513666501264486e-06,0.04673395863509629,0.26746506986027946,random_order,5,100,10,0.5,3
239,tss,8877.273348716846,10061.77656984473,6097.151318258202,1.0,7912.1302740541505,12397.359128616888,3726.402258542509,1.0,7241.021688257523,13100.845319443126,2045.8050726768595,1.0,6727.804131473275,14150.779488606588,1240.3691669854302,1.0,6304.115848455125,13574.551713361247,1004.0944695916775,1.0,random_order,5,100,10,0.5,3
240,hubers,7.789673988878007,0.1707443814448091,8.175988440804003,0.1656686626746507,10.052630724804718,0.19517252347515587,10.5504897335761,0.1317365269461078,11.035202563451952,0.2333528574568242,11.60793681778581,0.13373253493013973,11.606149335420714,0.24106214649627578,12.322324158759796,0.07784431137724551,11.972120678190146,0.24567634083699683,12.468304352417906,0.1536926147704591,pca_trans,5,100,10,0.5,3
241,norm,0.03637413869070913,1.665261036199552e-05,0.050681053622171734,0.003992015968063872,0.03733912970186827,1.3675991446043706e-05,0.056824675653248884,0.001996007984031936,0.035471295422041964,1.0298638233497545e-05,0.05780195222089651,0.001996007984031936,0.03250658427052478,7.963051370187016e-06,0.05025566444462666,0.001996007984031936,0.029726834395523368,6.606864647073522e-06,0.04673395863509629,0.001996007984031936,pca_trans,5,100,10,0.5,3
242,tss,6871.898903764881,341951.42804830265,6097.151318258202,0.9201596806387226,5274.917916915286,219536.49748070346,3726.402258542509,1.0,4338.266836033251,177946.57851976113,2045.8050726768595,1.0,3734.117389314507,156616.91958891362,1240.3691669854302,1.0,3279.732694590803,141903.4566997956,1004.0944695916775,1.0,pca_trans,5,100,10,0.5,3
